{"type":"FeatureCollection","metadata":{"generated":1736878260000,"url":"https://earthquake.usgs.gov/earthquakes/feed/v1.0/summary/1.0_day.geojson","title":"USGS Magnitude 1.0+ Earthquakes, Past Day","status":200,"api":"1.14.1","count":161},"features":[{"type":"Feature","properties":{"mag":2,"place":"57 km SE of Pedro Bay, Alaska","time":1736876027929,"updated":1736876163062,"tz":null,"url":"https://earthquake.usgs.gov/earthquakes/eventpage/ak025nfueiw","detail":"https://earthquake.usgs.gov/earthquakes/feed/v1.0/detail/ak025nfueiw.geojson","felt":null,"cdi":null,"mmi":null,"alert":null,"status":"automatic","tsunami":0,"sig":62,"net":"ak","code":"025nfueiw","ids":",ak025nfueiw,","sources":",ak,","types":",origin,phase-data,","nst":null,"dmin":null,"rms":0.25,"gap":null,"magType":"ml","type":"earthquake","title":"M 2.0 - 57 km SE of Pedro Bay, Alaska"},"geometry":{"type":"Point","coordinates":[-153.3917,59.4247,90.6]},"id":"ak025nfueiw"},
{"type":"Feature","properties":{"mag":2.69,"place":"12 km N of Pāhala, Hawaii","time":1736875010130,"updated":1736877864250,"tz":null,"url":"https://earthquake.usgs.gov/earthquakes/eventpage/hv74592062","detail":"https://earthquake.usgs.gov/earthquakes/feed/v1.0/detail/hv74592062.geojson","felt":null,"cdi":null,"mmi":null,"alert":null,"status":"reviewed","tsunami":0,"sig":111,"net":"hv","code":"74592062","ids":",us6000pjxm,hv74592062,","sources":",us,hv,","types":",origin,phase-data,","nst":46,"dmin":0.06554,"rms":0.12,"gap":44,"magType":"ml","type":"earthquake","title":"M 2.7 - 12 km N of Pāhala, Hawaii"},"geometry":{"type":"Point","coordinates":[-155.495333333333,19.317,8.65]},"id":"hv74592062"},
{"type":"Feature","properties":{"mag":5.5,"place":"42 km ENE of Nichinan, Japan","time":1736874758510,"updated":1736876883160,"tz":null,"url":"https://earthquake.usgs.gov/earthquakes/eventpage/us6000pjxl","detail":"https://earthquake.usgs.gov/earthquakes/feed/v1.0/detail/us6000pjxl.geojson","felt":null,"cdi":null,"mmi":4.484,"alert":"green","status":"reviewed","tsunami":0,"sig":465,"net":"us","code":"6000pjxl","ids":",us6000pjxl,","sources":",us,","types":",losspager,origin,phase-data,shakemap,","nst":114,"dmin":1.165,"rms":1.32,"gap":65,"magType":"mww","type":"earthquake","title":"M 5.5 - 42 km ENE of Nichinan, Japan"},"geometry":{"type":"Point","coordinates":[131.8022,31.6833,30.176]},"id":"us6000pjxl"},
{"type":"Feature","properties":{"mag":1.96,"place":"6 km NE of Windsor, CA","time":1736874319240,"updated":1736874518280,"tz":null,"url":"https://earthquake.usgs.gov/earthquakes/eventpage/nc75117166","detail":"https://earthquake.usgs.gov/earthquakes/feed/v1.0/detail/nc75117166.geojson","felt":null,"cdi":null,"mmi":null,"alert":null,"status":"automatic","tsunami":0,"sig":59,"net":"nc","code":"75117166","ids":",nc75117166,","sources":",nc,","types":",focal-mechanism,nearby-cities,origin,phase-data,","nst":47,"dmin":0.0707,"rms":0.11,"gap":43,"magType":"md","type":"earthquake","title":"M 2.0 - 6 km NE of Windsor, CA"},"geometry":{"type":"Point","coordinates":[-122.790832519531,38.5924987792969,7.07000017166138]},"id":"nc75117166"},
{"type":"Feature","properties":{"mag":2.88,"place":"18 km SSE of Klamath, CA","time":1736874181770,"updated":1736876721040,"tz":null,"url":"https://earthquake.usgs.gov/earthquakes/eventpage/nc75117161","detail":"https://earthquake.usgs.gov/earthquakes/feed/v1.0/detail/nc75117161.geojson","felt":null,"cdi":null,"mmi":null,"alert":null,"status":"automatic","tsunami":0,"sig":128,"net":"nc","code":"75117161","ids":",nc75117161,us6000pjxi,","sources":",nc,us,","types":",nearby-cities,origin,phase-data,scitech-link,","nst":25,"dmin":0.2533,"rms":0.14,"gap":140,"magType":"ml","type":"earthquake","title":"M 2.9 - 18 km SSE of Klamath, CA"},"geometry":{"type":"Point","coordinates":[-123.897666931152,41.3928337097168,28.2700004577637]},"id":"nc75117161"},
{"type":"Feature","properties":{"mag":4.9,"place":"38 km SSE of Dompu, Indonesia","time":1736871418370,"updated":1736873390040,"tz":null,"url":"https://earthquake.usgs.gov/earthquakes/eventpage/us6000pjxh","detail":"https://earthquake.usgs.gov/earthquakes/feed/v1.0/detail/us6000pjxh.geojson","felt":null,"cdi":null,"mmi":null,"alert":null,"status":"reviewed","tsunami":0,"sig":369,"net":"us","code":"6000pjxh","ids":",us6000pjxh,","sources":",us,","types":",origin,phase-data,","nst":45,"dmin":0.846,"rms":0.78,"gap":54,"magType":"mb","type":"earthquake","title":"M 4.9 - 38 km SSE of Dompu, Indonesia"},"geometry":{"type":"Point","coordinates":[118.6325,-8.8414,12.034]},"id":"us6000pjxh"},
{"type":"Feature","properties":{"mag":1.17,"place":"3 km S of Mentone, CA","time":1736870786040,"updated":1736871035146,"tz":null,"url":"https://earthquake.usgs.gov/earthquakes/eventpage/ci40839351","detail":"https://earthquake.usgs.gov/earthquakes/feed/v1.0/detail/ci40839351.geojson","felt":null,"cdi":null,"mmi":null,"alert":null,"status":"automatic","tsunami":0,"sig":21,"net":"ci","code":"40839351","ids":",ci40839351,","sources":",ci,","types":",nearby-cities,origin,phase-data,scitech-link,","nst":28,"dmin":0.0211,"rms":0.2,"gap":49,"magType":"ml","type":"earthquake","title":"M 1.2 - 3 km S of Mentone, CA"},"geometry":{"type":"Point","coordinates":[-117.1343333,34.0461667,5.82]},"id":"ci40839351"},
{"type":"Feature","properties":{"mag":1.26,"place":"6 km NW of The Geysers, CA","time":1736870775720,"updated":1736870870376,"tz":null,"url":"https://earthquake.usgs.gov/earthquakes/eventpage/nc75117141","detail":"https://earthquake.usgs.gov/earthquakes/feed/v1.0/detail/nc75117141.geojson","felt":null,"cdi":null,"mmi":null,"alert":null,"status":"automatic","tsunami":0,"sig":24,"net":"nc","code":"75117141","ids":",nc75117141,","sources":",nc,","types":",nearby-cities,origin,phase-data,","nst":17,"dmin":0.0104,"rms":0.02,"gap":64,"magType":"md","type":"earthquake","title":"M 1.3 - 6 km NW of The Geysers, CA"},"geometry":{"type":"Point","coordinates":[-122.818336486816,38.8028335571289,2.72000002861023]},"id":"nc75117141"},
{"type":"Feature","properties":{"mag":1.28,"place":"2 km N of The Geysers, CA","time":1736870722810,"updated":1736870820600,"tz":null,"url":"https://earthquake.usgs.gov/earthquakes/eventpage/nc75117136","detail":"https://earthquake.usgs.gov/earthquakes/feed/v1.0/detail/nc75117136.geojson","felt":null,"cdi":null,"mmi":null,"alert":null,"status":"automatic","tsunami":0,"sig":25,"net":"nc","code":"75117136","ids":",nc75117136,","sources":",nc,","types":",nearby-cities,origin,phase-data,","nst":20,"dmin":0.008114,"rms":0.02,"gap":70,"magType":"md","type":"earthquake","title":"M 1.3 - 2 km N of The Geysers, CA"},"geometry":{"type":"Point","coordinates":[-122.759834289551,38.7924995422363,2.03999996185303]},"id":"nc75117136"},
{"type":"Feature","properties":{"mag":1.3,"place":"21 km NNE of Yerington, Nevada","time":1736870688408,"updated":1736870809962,"tz":null,"url":"https://earthquake.usgs.gov/earthquakes/eventpage/nn00891983","detail":"https://earthquake.usgs.gov/earthquakes/feed/v1.0/detail/nn00891983.geojson","felt":null,"cdi":null,"mmi":null,"alert":null,"status":"automatic","tsunami":0,"sig":26,"net":"nn","code":"00891983","ids":",nn00891983,","sources":",nn,","types":",origin,phase-data,","nst":10,"dmin":0.02,"rms":0.0682,"gap":98.44999999999999,"magType":"ml","type":"earthquake","title":"M 1.3 - 21 km NNE of Yerington, Nevada"},"geometry":{"type":"Point","coordinates":[-119.0648,39.1664,5.9]},"id":"nn00891983"},
{"type":"Feature","properties":{"mag":1.32,"place":"7 km NW of The Geysers, CA","time":1736870431230,"updated":1736870526364,"tz":null,"url":"https://earthquake.usgs.gov/earthquakes/eventpage/nc75117131","detail":"https://earthquake.usgs.gov/earthquakes/feed/v1.0/detail/nc75117131.geojson","felt":null,"cdi":null,"mmi":null,"alert":null,"status":"automatic","tsunami":0,"sig":27,"net":"nc","code":"75117131","ids":",nc75117131,","sources":",nc,","types":",nearby-cities,origin,phase-data,","nst":19,"dmin":0.0138,"rms":0.05,"gap":62,"magType":"md","type":"earthquake","title":"M 1.3 - 7 km NW of The Geysers, CA"},"geometry":{"type":"Point","coordinates":[-122.817169189453,38.8190002441406,2]},"id":"nc75117131"},
{"type":"Feature","properties":{"mag":2.66,"place":"61 km WNW of Petrolia, CA","time":1736870121860,"updated":1736871735572,"tz":null,"url":"https://earthquake.usgs.gov/earthquakes/eventpage/nc75117126","detail":"https://earthquake.usgs.gov/earthquakes/feed/v1.0/detail/nc75117126.geojson","felt":null,"cdi":null,"mmi":null,"alert":null,"status":"automatic","tsunami":0,"sig":109,"net":"nc","code":"75117126","ids":",nc75117126,","sources":",nc,","types":",nearby-cities,origin,phase-data,scitech-link,","nst":14,"dmin":0.5082,"rms":0.14,"gap":251,"magType":"md","type":"earthquake","title":"M 2.7 - 61 km WNW of Petrolia, CA"},"geometry":{"type":"Point","coordinates":[-124.999168395996,40.3683319091797,8.81999969482422]},"id":"nc75117126"},
{"type":"Feature","properties":{"mag":4.2,"place":"13 km SW of Palora, Ecuador","time":1736869954070,"updated":1736878078040,"tz":null,"url":"https://earthquake.usgs.gov/earthquakes/eventpage/us6000pjxc","detail":"https://earthquake.usgs.gov/earthquakes/feed/v1.0/detail/us6000pjxc.geojson","felt":null,"cdi":null,"mmi":null,"alert":null,"status":"reviewed","tsunami":0,"sig":271,"net":"us","code":"6000pjxc","ids":",us6000pjxc,","sources":",us,","types":",origin,phase-data,","nst":37,"dmin":0.279,"rms":0.53,"gap":80,"magType":"mb","type":"earthquake","title":"M 4.2 - 13 km SW of Palora, Ecuador"},"geometry":{"type":"Point","coordinates":[-78.0652,-1.7711,150.779]},"id":"us6000pjxc"},
{"type":"Feature","properties":{"mag":1.54,"place":"5 km WSW of San Francisco Zoo, CA","time":1736869765290,"updated":1736870467218,"tz":null,"url":"https://earthquake.usgs.gov/earthquakes/eventpage/nc75117121","detail":"https://earthquake.usgs.gov/earthquakes/feed/v1.0/detail/nc75117121.geojson","felt":2,"cdi":2.2,"mmi":null,"alert":null,"status":"automatic","tsunami":0,"sig":37,"net":"nc","code":"75117121","ids":",nc75117121,","sources":",nc,","types":",dyfi,nearby-cities,origin,phase-data,","nst":10,"dmin":0.1068,"rms":0.02,"gap":115,"magType":"md","type":"earthquake","title":"M 1.5 - 5 km WSW of San Francisco Zoo, CA"},"geometry":{"type":"Point","coordinates":[-122.547164916992,37.7050018310547,9.64999961853027]},"id":"nc75117121"},
{"type":"Feature","properties":{"mag":1.4,"place":"4 km NE of Heber, CA","time":1736869378550,"updated":1736869599862,"tz":null,"url":"https://earthquake.usgs.gov/earthquakes/eventpage/ci40839335","detail":"https://earthquake.usgs.gov/earthquakes/feed/v1.0/detail/ci40839335.geojson","felt":null,"cdi":null,"mmi":null,"alert":null,"status":"automatic","tsunami":0,"sig":30,"net":"ci","code":"40839335","ids":",ci40839335,","sources":",ci,","types":",nearby-cities,origin,phase-data,scitech-link,","nst":6,"dmin":0.0673,"rms":0.26,"gap":161,"magType":"ml","type":"earthquake","title":"M 1.4 - 4 km NE of Heber, CA"},"geometry":{"type":"Point","coordinates":[-115.5031667,32.7575,8.35]},"id":"ci40839335"},
{"type":"Feature","properties":{"mag":1.9,"place":"21 km NNE of Yerington, Nevada","time":1736869058976,"updated":1736869202021,"tz":null,"url":"https://earthquake.usgs.gov/earthquakes/eventpage/nn00891981","detail":"https://earthquake.usgs.gov/earthquakes/feed/v1.0/detail/nn00891981.geojson","felt":null,"cdi":null,"mmi":null,"alert":null,"status":"automatic","tsunami":0,"sig":56,"net":"nn","code":"00891981","ids":",nn00891981,","sources":",nn,","types":",origin,phase-data,","nst":19,"dmin":0.015,"rms":0.1289,"gap":57.30000000000001,"magType":"ml","type":"earthquake","title":"M 1.9 - 21 km NNE of Yerington, Nevada"},"geometry":{"type":"Point","coordinates":[-119.0544,39.1608,7.4]},"id":"nn00891981"},
{"type":"Feature","properties":{"mag":3.76,"place":"94 km NNE of Cruz Bay, U.S. Virgin Islands","time":1736868722640,"updated":1736876180040,"tz":null,"url":"https://earthquake.usgs.gov/earthquakes/eventpage/pr2025014001","detail":"https://earthquake.usgs.gov/earthquakes/feed/v1.0/detail/pr2025014001.geojson","felt":null,"cdi":null,"mmi":null,"alert":null,"status":"reviewed","tsunami":0,"sig":218,"net":"pr","code":"2025014001","ids":",us6000pjx7,pr2025014001,","sources":",us,pr,","types":",origin,phase-data,","nst":17,"dmin":0.736,"rms":0.33,"gap":293,"magType":"md","type":"earthquake","title":"M 3.8 - 94 km NNE of Cruz Bay, U.S. Virgin Islands"},"geometry":{"type":"Point","coordinates":[-64.509,19.1428,50]},"id":"pr2025014001"},
{"type":"Feature","properties":{"mag":1.14,"place":"22 km ESE of Little Lake, CA","time":1736868550340,"updated":1736868749790,"tz":null,"url":"https://earthquake.usgs.gov/earthquakes/eventpage/ci40839327","detail":"https://earthquake.usgs.gov/earthquakes/feed/v1.0/detail/ci40839327.geojson","felt":null,"cdi":null,"mmi":null,"alert":null,"status":"automatic","tsunami":0,"sig":20,"net":"ci","code":"40839327","ids":",ci40839327,","sources":",ci,","types":",nearby-cities,origin,phase-data,scitech-link,","nst":18,"dmin":0.08594,"rms":0.11,"gap":64,"magType":"ml","type":"earthquake","title":"M 1.1 - 22 km ESE of Little Lake, CA"},"geometry":{"type":"Point","coordinates":[-117.6818333,35.8656667,10.1]},"id":"ci40839327"},
{"type":"Feature","properties":{"mag":1.04,"place":"2 km NW of The Geysers, CA","time":1736868453000,"updated":1736868550451,"tz":null,"url":"https://earthquake.usgs.gov/earthquakes/eventpage/nc75117101","detail":"https://earthquake.usgs.gov/earthquakes/feed/v1.0/detail/nc75117101.geojson","felt":null,"cdi":null,"mmi":null,"alert":null,"status":"automatic","tsunami":0,"sig":17,"net":"nc","code":"75117101","ids":",nc75117101,","sources":",nc,","types":",nearby-cities,origin,phase-data,","nst":15,"dmin":0.0147,"rms":0.02,"gap":83,"magType":"md","type":"earthquake","title":"M 1.0 - 2 km NW of The Geysers, CA"},"geometry":{"type":"Point","coordinates":[-122.771499633789,38.7859992980957,1.96000003814697]},"id":"nc75117101"},
{"type":"Feature","properties":{"mag":1.15,"place":"10 km SW of Salton City, CA","time":1736867180670,"updated":1736867418790,"tz":null,"url":"https://earthquake.usgs.gov/earthquakes/eventpage/ci40839311","detail":"https://earthquake.usgs.gov/earthquakes/feed/v1.0/detail/ci40839311.geojson","felt":null,"cdi":null,"mmi":null,"alert":null,"status":"automatic","tsunami":0,"sig":20,"net":"ci","code":"40839311","ids":",ci40839311,","sources":",ci,","types":",nearby-cities,origin,phase-data,scitech-link,","nst":40,"dmin":0.06413,"rms":0.2,"gap":77,"magType":"ml","type":"earthquake","title":"M 1.2 - 10 km SW of Salton City, CA"},"geometry":{"type":"Point","coordinates":[-116.0355,33.2311667,8.28]},"id":"ci40839311"},
{"type":"Feature","properties":{"mag":1.61,"place":"2 km NW of Kenilworth, Utah","time":1736867016020,"updated":1736873413370,"tz":null,"url":"https://earthquake.usgs.gov/earthquakes/eventpage/uu80099626","detail":"https://earthquake.usgs.gov/earthquakes/feed/v1.0/detail/uu80099626.geojson","felt":null,"cdi":null,"mmi":null,"alert":null,"status":"reviewed","tsunami":0,"sig":40,"net":"uu","code":"80099626","ids":",uu80099626,","sources":",uu,","types":",origin,phase-data,","nst":6,"dmin":0.06665,"rms":0.33,"gap":199,"magType":"md","type":"earthquake","title":"M 1.6 - 2 km NW of Kenilworth, Utah"},"geometry":{"type":"Point","coordinates":[-110.824333333333,39.709,1.83]},"id":"uu80099626"},
{"type":"Feature","properties":{"mag":4.9,"place":"16 km SW of Āwash, Ethiopia","time":1736866557196,"updated":1736868924040,"tz":null,"url":"https://earthquake.usgs.gov/earthquakes/eventpage/us6000pjx5","detail":"https://earthquake.usgs.gov/earthquakes/feed/v1.0/detail/us6000pjx5.geojson","felt":null,"cdi":null,"mmi":null,"alert":null,"status":"reviewed","tsunami":0,"sig":369,"net":"us","code":"6000pjx5","ids":",us6000pjx5,","sources":",us,","types":",origin,phase-data,","nst":121,"dmin":3.799,"rms":0.76,"gap":89,"magType":"mb","type":"earthquake","title":"M 4.9 - 16 km SW of Āwash, Ethiopia"},"geometry":{"type":"Point","coordinates":[40.0732,8.8713,10]},"id":"us6000pjx5"},
{"type":"Feature","properties":{"mag":2.7,"place":"4 km WSW of Beluga, Alaska","time":1736866115668,"updated":1736875773040,"tz":null,"url":"https://earthquake.usgs.gov/earthquakes/eventpage/ak025ne5ai6","detail":"https://earthquake.usgs.gov/earthquakes/feed/v1.0/detail/ak025ne5ai6.geojson","felt":2,"cdi":4.2,"mmi":null,"alert":null,"status":"automatic","tsunami":0,"sig":113,"net":"ak","code":"025ne5ai6","ids":",ak025ne5ai6,us6000pjx4,","sources":",ak,us,","types":",dyfi,origin,phase-data,","nst":null,"dmin":null,"rms":0.35,"gap":null,"magType":"ml","type":"earthquake","title":"M 2.7 - 4 km WSW of Beluga, Alaska"},"geometry":{"type":"Point","coordinates":[-151.159,61.1223,52.8]},"id":"ak025ne5ai6"},
{"type":"Feature","properties":{"mag":4.4,"place":"266 km ENE of Lospalos, Timor Leste","time":1736865460955,"updated":1736872216040,"tz":null,"url":"https://earthquake.usgs.gov/earthquakes/eventpage/us6000pjx3","detail":"https://earthquake.usgs.gov/earthquakes/feed/v1.0/detail/us6000pjx3.geojson","felt":null,"cdi":null,"mmi":null,"alert":null,"status":"reviewed","tsunami":0,"sig":298,"net":"us","code":"6000pjx3","ids":",us6000pjx3,","sources":",us,","types":",origin,phase-data,","nst":67,"dmin":2.955,"rms":0.54,"gap":39,"magType":"mb","type":"earthquake","title":"M 4.4 - 266 km ENE of Lospalos, Timor Leste"},"geometry":{"type":"Point","coordinates":[129.1323,-7.3947,140.078]},"id":"us6000pjx3"},
{"type":"Feature","properties":{"mag":1.8,"place":"65 km W of Tyonek, Alaska","time":1736864573941,"updated":1736864708477,"tz":null,"url":"https://earthquake.usgs.gov/earthquakes/eventpage/ak025ndzraq","detail":"https://earthquake.usgs.gov/earthquakes/feed/v1.0/detail/ak025ndzraq.geojson","felt":null,"cdi":null,"mmi":null,"alert":null,"status":"automatic","tsunami":0,"sig":50,"net":"ak","code":"025ndzraq","ids":",ak025ndzraq,","sources":",ak,","types":",origin,phase-data,","nst":null,"dmin":null,"rms":0.61,"gap":null,"magType":"ml","type":"earthquake","title":"M 1.8 - 65 km W of Tyonek, Alaska"},"geometry":{"type":"Point","coordinates":[-152.3442,61.0602,105.1]},"id":"ak025ndzraq"},
{"type":"Feature","properties":{"mag":1.6,"place":"17 km E of Walker Lake, Nevada","time":1736863829736,"updated":1736863980702,"tz":null,"url":"https://earthquake.usgs.gov/earthquakes/eventpage/nn00891979","detail":"https://earthquake.usgs.gov/earthquakes/feed/v1.0/detail/nn00891979.geojson","felt":null,"cdi":null,"mmi":null,"alert":null,"status":"automatic","tsunami":0,"sig":39,"net":"nn","code":"00891979","ids":",nn00891979,","sources":",nn,","types":",origin,phase-data,","nst":13,"dmin":0.059,"rms":0.2498,"gap":75.86999999999999,"magType":"ml","type":"earthquake","title":"M 1.6 - 17 km E of Walker Lake, Nevada"},"geometry":{"type":"Point","coordinates":[-118.5624,38.6777,4.2]},"id":"nn00891979"},
{"type":"Feature","properties":{"mag":5.2,"place":"central East Pacific Rise","time":1736863762834,"updated":1736868083040,"tz":null,"url":"https://earthquake.usgs.gov/earthquakes/eventpage/us6000pjx0","detail":"https://earthquake.usgs.gov/earthquakes/feed/v1.0/detail/us6000pjx0.geojson","felt":null,"cdi":null,"mmi":null,"alert":null,"status":"reviewed","tsunami":0,"sig":416,"net":"us","code":"6000pjx0","ids":",us6000pjx0,","sources":",us,","types":",origin,phase-data,","nst":150,"dmin":14.695,"rms":0.75,"gap":157,"magType":"mww","type":"earthquake","title":"M 5.2 - central East Pacific Rise"},"geometry":{"type":"Point","coordinates":[-105.1035,-4.5674,10]},"id":"us6000pjx0"},
{"type":"Feature","properties":{"mag":1.7,"place":"30 km W of Happy Valley, Alaska","time":1736863529484,"updated":1736863629213,"tz":null,"url":"https://earthquake.usgs.gov/earthquakes/eventpage/ak025ndw28k","detail":"https://earthquake.usgs.gov/earthquakes/feed/v1.0/detail/ak025ndw28k.geojson","felt":null,"cdi":null,"mmi":null,"alert":null,"status":"automatic","tsunami":0,"sig":44,"net":"ak","code":"025ndw28k","ids":",ak025ndw28k,","sources":",ak,","types":",origin,phase-data,","nst":null,"dmin":null,"rms":0.42,"gap":null,"magType":"ml","type":"earthquake","title":"M 1.7 - 30 km W of Happy Valley, Alaska"},"geometry":{"type":"Point","coordinates":[-152.2753,59.9374,67.5]},"id":"ak025ndw28k"},
{"type":"Feature","properties":{"mag":1.5,"place":"53 km WNW of Petersville, Alaska","time":1736863085313,"updated":1736863256652,"tz":null,"url":"https://earthquake.usgs.gov/earthquakes/eventpage/ak025ndlxpv","detail":"https://earthquake.usgs.gov/earthquakes/feed/v1.0/detail/ak025ndlxpv.geojson","felt":null,"cdi":null,"mmi":null,"alert":null,"status":"automatic","tsunami":0,"sig":35,"net":"ak","code":"025ndlxpv","ids":",ak025ndlxpv,","sources":",ak,","types":",origin,phase-data,","nst":null,"dmin":null,"rms":0.11,"gap":null,"magType":"ml","type":"earthquake","title":"M 1.5 - 53 km WNW of Petersville, Alaska"},"geometry":{"type":"Point","coordinates":[-151.7687,62.6365,95.3]},"id":"ak025ndlxpv"},
{"type":"Feature","properties":{"mag":2,"place":"64 km ENE of Chase, Alaska","time":1736862168011,"updated":1736862315510,"tz":null,"url":"https://earthquake.usgs.gov/earthquakes/eventpage/ak025ndilhi","detail":"https://earthquake.usgs.gov/earthquakes/feed/v1.0/detail/ak025ndilhi.geojson","felt":null,"cdi":null,"mmi":null,"alert":null,"status":"automatic","tsunami":0,"sig":62,"net":"ak","code":"025ndilhi","ids":",ak025ndilhi,","sources":",ak,","types":",origin,phase-data,","nst":null,"dmin":null,"rms":0.86,"gap":null,"magType":"ml","type":"earthquake","title":"M 2.0 - 64 km ENE of Chase, Alaska"},"geometry":{"type":"Point","coordinates":[-148.999,62.7326,68.3]},"id":"ak025ndilhi"},
{"type":"Feature","properties":{"mag":1.9,"place":"33 km WSW of Petersville, Alaska","time":1736860851763,"updated":1736860971806,"tz":null,"url":"https://earthquake.usgs.gov/earthquakes/eventpage/ak025nddw3c","detail":"https://earthquake.usgs.gov/earthquakes/feed/v1.0/detail/ak025nddw3c.geojson","felt":null,"cdi":null,"mmi":null,"alert":null,"status":"automatic","tsunami":0,"sig":56,"net":"ak","code":"025nddw3c","ids":",ak025nddw3c,","sources":",ak,","types":",origin,phase-data,","nst":null,"dmin":null,"rms":0.51,"gap":null,"magType":"ml","type":"earthquake","title":"M 1.9 - 33 km WSW of Petersville, Alaska"},"geometry":{"type":"Point","coordinates":[-151.3187,62.346,78.9]},"id":"ak025nddw3c"},
{"type":"Feature","properties":{"mag":1.8,"place":"25 km SSE of Glacier View, Alaska","time":1736860365393,"updated":1736860478496,"tz":null,"url":"https://earthquake.usgs.gov/earthquakes/eventpage/ak025ndc5vf","detail":"https://earthquake.usgs.gov/earthquakes/feed/v1.0/detail/ak025ndc5vf.geojson","felt":null,"cdi":null,"mmi":null,"alert":null,"status":"automatic","tsunami":0,"sig":50,"net":"ak","code":"025ndc5vf","ids":",ak025ndc5vf,","sources":",ak,","types":",origin,phase-data,","nst":null,"dmin":null,"rms":1.29,"gap":null,"magType":"ml","type":"earthquake","title":"M 1.8 - 25 km SSE of Glacier View, Alaska"},"geometry":{"type":"Point","coordinates":[-147.5346,61.5825,0]},"id":"ak025ndc5vf"},
{"type":"Feature","properties":{"mag":2.73,"place":"8 km E of Borrego Springs, CA","time":1736860217150,"updated":1736874937040,"tz":null,"url":"https://earthquake.usgs.gov/earthquakes/eventpage/ci40839295","detail":"https://earthquake.usgs.gov/earthquakes/feed/v1.0/detail/ci40839295.geojson","felt":1,"cdi":2,"mmi":null,"alert":null,"status":"automatic","tsunami":0,"sig":115,"net":"ci","code":"40839295","ids":",ci40839295,us6000pjwt,","sources":",ci,us,","types":",dyfi,focal-mechanism,nearby-cities,origin,phase-data,scitech-link,","nst":97,"dmin":0.06051,"rms":0.19,"gap":22,"magType":"ml","type":"earthquake","title":"M 2.7 - 8 km E of Borrego Springs, CA"},"geometry":{"type":"Point","coordinates":[-116.2891667,33.2456667,11.41]},"id":"ci40839295"},
{"type":"Feature","properties":{"mag":1.5,"place":"35 km WSW of Ackerly, Texas","time":1736859461536,"updated":1736870213028,"tz":null,"url":"https://earthquake.usgs.gov/earthquakes/eventpage/tx2025aytl","detail":"https://earthquake.usgs.gov/earthquakes/feed/v1.0/detail/tx2025aytl.geojson","felt":null,"cdi":null,"mmi":null,"alert":null,"status":"reviewed","tsunami":0,"sig":35,"net":"tx","code":"2025aytl","ids":",tx2025aytl,","sources":",tx,","types":",origin,phase-data,","nst":24,"dmin":0,"rms":0.1,"gap":50,"magType":"ml","type":"earthquake","title":"M 1.5 - 35 km WSW of Ackerly, Texas"},"geometry":{"type":"Point","coordinates":[-102.072,32.407,6.5186]},"id":"tx2025aytl"},
{"type":"Feature","properties":{"mag":0.95,"place":"10 km WSW of Anza, CA","time":1736859223350,"updated":1736866855360,"tz":null,"url":"https://earthquake.usgs.gov/earthquakes/eventpage/ci40839287","detail":"https://earthquake.usgs.gov/earthquakes/feed/v1.0/detail/ci40839287.geojson","felt":null,"cdi":null,"mmi":null,"alert":null,"status":"reviewed","tsunami":0,"sig":14,"net":"ci","code":"40839287","ids":",ci40839287,","sources":",ci,","types":",focal-mechanism,nearby-cities,origin,phase-data,scitech-link,","nst":42,"dmin":0.03682,"rms":0.17,"gap":27,"magType":"ml","type":"earthquake","title":"M 1.0 - 10 km WSW of Anza, CA"},"geometry":{"type":"Point","coordinates":[-116.7836667,33.5338333,10.17]},"id":"ci40839287"},
{"type":"Feature","properties":{"mag":1.46,"place":"2 km ESE of The Geysers, CA","time":1736859108420,"updated":1736859481100,"tz":null,"url":"https://earthquake.usgs.gov/earthquakes/eventpage/nc75117056","detail":"https://earthquake.usgs.gov/earthquakes/feed/v1.0/detail/nc75117056.geojson","felt":1,"cdi":2.2,"mmi":null,"alert":null,"status":"automatic","tsunami":0,"sig":33,"net":"nc","code":"75117056","ids":",nc75117056,","sources":",nc,","types":",dyfi,nearby-cities,origin,phase-data,","nst":19,"dmin":0.01159,"rms":0.04,"gap":68,"magType":"md","type":"earthquake","title":"M 1.5 - 2 km ESE of The Geysers, CA"},"geometry":{"type":"Point","coordinates":[-122.735496520996,38.7716674804688,1.11000001430511]},"id":"nc75117056"},
{"type":"Feature","properties":{"mag":0.95,"place":"7 km E of Avon, Utah","time":1736859096120,"updated":1736865073800,"tz":null,"url":"https://earthquake.usgs.gov/earthquakes/eventpage/uu80099621","detail":"https://earthquake.usgs.gov/earthquakes/feed/v1.0/detail/uu80099621.geojson","felt":null,"cdi":null,"mmi":null,"alert":null,"status":"reviewed","tsunami":0,"sig":14,"net":"uu","code":"80099621","ids":",uu80099621,","sources":",uu,","types":",origin,phase-data,","nst":15,"dmin":0.06817,"rms":0.15,"gap":78,"magType":"md","type":"earthquake","title":"M 1.0 - 7 km E of Avon, Utah"},"geometry":{"type":"Point","coordinates":[-111.719,41.5321666666667,9.71]},"id":"uu80099621"},
{"type":"Feature","properties":{"mag":1.26,"place":"24 km WNW of Boulder Creek, CA","time":1736858982140,"updated":1736859079997,"tz":null,"url":"https://earthquake.usgs.gov/earthquakes/eventpage/nc75117041","detail":"https://earthquake.usgs.gov/earthquakes/feed/v1.0/detail/nc75117041.geojson","felt":null,"cdi":null,"mmi":null,"alert":null,"status":"automatic","tsunami":0,"sig":24,"net":"nc","code":"75117041","ids":",nc75117041,","sources":",nc,","types":",nearby-cities,origin,phase-data,","nst":9,"dmin":0.0375,"rms":0.06,"gap":232,"magType":"md","type":"earthquake","title":"M 1.3 - 24 km WNW of Boulder Creek, CA"},"geometry":{"type":"Point","coordinates":[-122.388000488281,37.1806678771973,12.1499996185303]},"id":"nc75117041"},
{"type":"Feature","properties":{"mag":2.8,"place":"32 km SE of Malaga, New Mexico","time":1736858932850,"updated":1736861527040,"tz":null,"url":"https://earthquake.usgs.gov/earthquakes/eventpage/tx2025aytd","detail":"https://earthquake.usgs.gov/earthquakes/feed/v1.0/detail/tx2025aytd.geojson","felt":null,"cdi":null,"mmi":null,"alert":null,"status":"reviewed","tsunami":0,"sig":121,"net":"tx","code":"2025aytd","ids":",us6000pjwp,tx2025aytd,","sources":",us,tx,","types":",origin,phase-data,","nst":28,"dmin":0,"rms":0.2,"gap":52,"magType":"ml","type":"earthquake","title":"M 2.8 - 32 km SE of Malaga, New Mexico"},"geometry":{"type":"Point","coordinates":[-103.846,32.004,7.1893]},"id":"tx2025aytd"},
{"type":"Feature","properties":{"mag":4.3,"place":"13 km E of Ōtsuchi, Japan","time":1736858669425,"updated":1736864003040,"tz":null,"url":"https://earthquake.usgs.gov/earthquakes/eventpage/us6000pjwr","detail":"https://earthquake.usgs.gov/earthquakes/feed/v1.0/detail/us6000pjwr.geojson","felt":null,"cdi":null,"mmi":null,"alert":null,"status":"reviewed","tsunami":0,"sig":284,"net":"us","code":"6000pjwr","ids":",us6000pjwr,","sources":",us,","types":",origin,phase-data,","nst":31,"dmin":1.626,"rms":0.6,"gap":150,"magType":"mb","type":"earthquake","title":"M 4.3 - 13 km E of Ōtsuchi, Japan"},"geometry":{"type":"Point","coordinates":[142.0598,39.3519,63.846]},"id":"us6000pjwr"},
{"type":"Feature","properties":{"mag":1.83,"place":"7 km NW of The Geysers, CA","time":1736858126810,"updated":1736858318980,"tz":null,"url":"https://earthquake.usgs.gov/earthquakes/eventpage/nc75117036","detail":"https://earthquake.usgs.gov/earthquakes/feed/v1.0/detail/nc75117036.geojson","felt":null,"cdi":null,"mmi":null,"alert":null,"status":"automatic","tsunami":0,"sig":52,"net":"nc","code":"75117036","ids":",nc75117036,","sources":",nc,","types":",focal-mechanism,nearby-cities,origin,phase-data,","nst":36,"dmin":0.006935,"rms":0.03,"gap":46,"magType":"md","type":"earthquake","title":"M 1.8 - 7 km NW of The Geysers, CA"},"geometry":{"type":"Point","coordinates":[-122.81566619873,38.818000793457,2.47000002861023]},"id":"nc75117036"},
{"type":"Feature","properties":{"mag":1.6,"place":"37 km NNW of Toyah, Texas","time":1736857750780,"updated":1736864393389,"tz":null,"url":"https://earthquake.usgs.gov/earthquakes/eventpage/tx2025aysk","detail":"https://earthquake.usgs.gov/earthquakes/feed/v1.0/detail/tx2025aysk.geojson","felt":null,"cdi":null,"mmi":null,"alert":null,"status":"reviewed","tsunami":0,"sig":39,"net":"tx","code":"2025aysk","ids":",tx2025aysk,","sources":",tx,","types":",origin,phase-data,","nst":15,"dmin":0,"rms":0.1,"gap":73,"magType":"ml","type":"earthquake","title":"M 1.6 - 37 km NNW of Toyah, Texas"},"geometry":{"type":"Point","coordinates":[-103.981,31.612,6.8561]},"id":"tx2025aysk"},
{"type":"Feature","properties":{"mag":2.6,"place":"14 km ESE of Hawthorne, Nevada","time":1736857491361,"updated":1736874965130,"tz":null,"url":"https://earthquake.usgs.gov/earthquakes/eventpage/nn00891975","detail":"https://earthquake.usgs.gov/earthquakes/feed/v1.0/detail/nn00891975.geojson","felt":null,"cdi":null,"mmi":null,"alert":null,"status":"reviewed","tsunami":0,"sig":104,"net":"nn","code":"00891975","ids":",nn00891975,","sources":",nn,","types":",origin,phase-data,","nst":18,"dmin":0.151,"rms":0.1715,"gap":56.050000000000004,"magType":"ml","type":"earthquake","title":"M 2.6 - 14 km ESE of Hawthorne, Nevada"},"geometry":{"type":"Point","coordinates":[-118.4706,38.4828,4.7]},"id":"nn00891975"},
{"type":"Feature","properties":{"mag":1.6,"place":"46 km W of Mentone, Texas","time":1736857465285,"updated":1736861105530,"tz":null,"url":"https://earthquake.usgs.gov/earthquakes/eventpage/tx2025aysg","detail":"https://earthquake.usgs.gov/earthquakes/feed/v1.0/detail/tx2025aysg.geojson","felt":null,"cdi":null,"mmi":null,"alert":null,"status":"reviewed","tsunami":0,"sig":39,"net":"tx","code":"2025aysg","ids":",tx2025aysg,","sources":",tx,","types":",origin,phase-data,","nst":23,"dmin":0,"rms":0.1,"gap":58,"magType":"ml","type":"earthquake","title":"M 1.6 - 46 km W of Mentone, Texas"},"geometry":{"type":"Point","coordinates":[-104.093,31.73,5.6256]},"id":"tx2025aysg"},
{"type":"Feature","properties":{"mag":1.6,"place":"46 km W of Mentone, Texas","time":1736857174106,"updated":1736861569602,"tz":null,"url":"https://earthquake.usgs.gov/earthquakes/eventpage/tx2025aysb","detail":"https://earthquake.usgs.gov/earthquakes/feed/v1.0/detail/tx2025aysb.geojson","felt":null,"cdi":null,"mmi":null,"alert":null,"status":"reviewed","tsunami":0,"sig":39,"net":"tx","code":"2025aysb","ids":",tx2025aysb,","sources":",tx,","types":",origin,phase-data,","nst":39,"dmin":0,"rms":0.1,"gap":57,"magType":"ml","type":"earthquake","title":"M 1.6 - 46 km W of Mentone, Texas"},"geometry":{"type":"Point","coordinates":[-104.092,31.731,6.5741]},"id":"tx2025aysb"},
{"type":"Feature","properties":{"mag":1.6,"place":"12 km ESE of Hawthorne, Nevada","time":1736855762223,"updated":1736855919789,"tz":null,"url":"https://earthquake.usgs.gov/earthquakes/eventpage/nn00891973","detail":"https://earthquake.usgs.gov/earthquakes/feed/v1.0/detail/nn00891973.geojson","felt":null,"cdi":null,"mmi":null,"alert":null,"status":"automatic","tsunami":0,"sig":39,"net":"nn","code":"00891973","ids":",nn00891973,","sources":",nn,","types":",origin,phase-data,","nst":14,"dmin":0.144,"rms":0.2089,"gap":104.50999999999999,"magType":"ml","type":"earthquake","title":"M 1.6 - 12 km ESE of Hawthorne, Nevada"},"geometry":{"type":"Point","coordinates":[-118.485,38.4872,0.5]},"id":"nn00891973"},
{"type":"Feature","properties":{"mag":1.03,"place":"22 km NE of Thermal, CA","time":1736854353330,"updated":1736854562046,"tz":null,"url":"https://earthquake.usgs.gov/earthquakes/eventpage/ci40839263","detail":"https://earthquake.usgs.gov/earthquakes/feed/v1.0/detail/ci40839263.geojson","felt":null,"cdi":null,"mmi":null,"alert":null,"status":"automatic","tsunami":0,"sig":16,"net":"ci","code":"40839263","ids":",ci40839263,","sources":",ci,","types":",nearby-cities,origin,phase-data,scitech-link,","nst":34,"dmin":0.1103,"rms":0.2,"gap":79,"magType":"ml","type":"earthquake","title":"M 1.0 - 22 km NE of Thermal, CA"},"geometry":{"type":"Point","coordinates":[-115.9536667,33.7643333,0.66]},"id":"ci40839263"},
{"type":"Feature","properties":{"mag":1.26,"place":"5 km SSE of The Geysers, CA","time":1736854074430,"updated":1736854170695,"tz":null,"url":"https://earthquake.usgs.gov/earthquakes/eventpage/nc75117021","detail":"https://earthquake.usgs.gov/earthquakes/feed/v1.0/detail/nc75117021.geojson","felt":null,"cdi":null,"mmi":null,"alert":null,"status":"automatic","tsunami":0,"sig":24,"net":"nc","code":"75117021","ids":",nc75117021,","sources":",nc,","types":",nearby-cities,origin,phase-data,","nst":6,"dmin":0.02754,"rms":0.07,"gap":206,"magType":"md","type":"earthquake","title":"M 1.3 - 5 km SSE of The Geysers, CA"},"geometry":{"type":"Point","coordinates":[-122.732498168945,38.7346649169922,-0.769999980926514]},"id":"nc75117021"},
{"type":"Feature","properties":{"mag":2,"place":"66 km WNW of Anchor Point, Alaska","time":1736853874961,"updated":1736853991726,"tz":null,"url":"https://earthquake.usgs.gov/earthquakes/eventpage/ak025nc7ug8","detail":"https://earthquake.usgs.gov/earthquakes/feed/v1.0/detail/ak025nc7ug8.geojson","felt":null,"cdi":null,"mmi":null,"alert":null,"status":"automatic","tsunami":0,"sig":62,"net":"ak","code":"025nc7ug8","ids":",ak025nc7ug8,","sources":",ak,","types":",origin,phase-data,","nst":null,"dmin":null,"rms":0.22,"gap":null,"magType":"ml","type":"earthquake","title":"M 2.0 - 66 km WNW of Anchor Point, Alaska"},"geometry":{"type":"Point","coordinates":[-152.9648,59.9405,102.8]},"id":"ak025nc7ug8"},
{"type":"Feature","properties":{"mag":1.4,"place":"45 km WNW of Karluk, Alaska","time":1736853809985,"updated":1736853955281,"tz":null,"url":"https://earthquake.usgs.gov/earthquakes/eventpage/ak025nc7mi7","detail":"https://earthquake.usgs.gov/earthquakes/feed/v1.0/detail/ak025nc7mi7.geojson","felt":null,"cdi":null,"mmi":null,"alert":null,"status":"automatic","tsunami":0,"sig":30,"net":"ak","code":"025nc7mi7","ids":",ak025nc7mi7,","sources":",ak,","types":",origin,phase-data,","nst":null,"dmin":null,"rms":0.91,"gap":null,"magType":"ml","type":"earthquake","title":"M 1.4 - 45 km WNW of Karluk, Alaska"},"geometry":{"type":"Point","coordinates":[-155.1635,57.72,28.3]},"id":"ak025nc7mi7"},
{"type":"Feature","properties":{"mag":2.7,"place":"13 km ESE of Denman, Australia","time":1736852137456,"updated":1736875912018,"tz":null,"url":"https://earthquake.usgs.gov/earthquakes/eventpage/us6000pjwx","detail":"https://earthquake.usgs.gov/earthquakes/feed/v1.0/detail/us6000pjwx.geojson","felt":3,"cdi":3.1,"mmi":null,"alert":null,"status":"reviewed","tsunami":0,"sig":113,"net":"us","code":"6000pjwx","ids":",us6000pjwx,","sources":",us,","types":",dyfi,origin,phase-data,","nst":4,"dmin":2.102,"rms":0.45,"gap":188,"magType":"ml","type":"earthquake","title":"M 2.7 - 13 km ESE of Denman, Australia"},"geometry":{"type":"Point","coordinates":[150.8288,-32.4118,10]},"id":"us6000pjwx"},
{"type":"Feature","properties":{"mag":1.81,"place":"2 km W of Anderson Springs, CA","time":1736851942590,"updated":1736852040295,"tz":null,"url":"https://earthquake.usgs.gov/earthquakes/eventpage/nc75117011","detail":"https://earthquake.usgs.gov/earthquakes/feed/v1.0/detail/nc75117011.geojson","felt":null,"cdi":null,"mmi":null,"alert":null,"status":"automatic","tsunami":0,"sig":50,"net":"nc","code":"75117011","ids":",nc75117011,","sources":",nc,","types":",nearby-cities,origin,phase-data,","nst":26,"dmin":0.008794,"rms":0.08,"gap":111,"magType":"md","type":"earthquake","title":"M 1.8 - 2 km W of Anderson Springs, CA"},"geometry":{"type":"Point","coordinates":[-122.716331481934,38.767333984375,-0.850000023841858]},"id":"nc75117011"},
{"type":"Feature","properties":{"mag":1.4,"place":"50 km NNW of Karluk, Alaska","time":1736850337132,"updated":1736850393470,"tz":null,"url":"https://earthquake.usgs.gov/earthquakes/eventpage/ak025nbmmq9","detail":"https://earthquake.usgs.gov/earthquakes/feed/v1.0/detail/ak025nbmmq9.geojson","felt":null,"cdi":null,"mmi":null,"alert":null,"status":"automatic","tsunami":0,"sig":30,"net":"ak","code":"025nbmmq9","ids":",ak025nbmmq9,","sources":",ak,","types":",origin,phase-data,","nst":null,"dmin":null,"rms":0.15,"gap":null,"magType":"ml","type":"earthquake","title":"M 1.4 - 50 km NNW of Karluk, Alaska"},"geometry":{"type":"Point","coordinates":[-154.7722,57.9877,50.7]},"id":"ak025nbmmq9"},
{"type":"Feature","properties":{"mag":1.9,"place":"13 km ESE of Hawthorne, Nevada","time":1736850027039,"updated":1736850149374,"tz":null,"url":"https://earthquake.usgs.gov/earthquakes/eventpage/nn00891970","detail":"https://earthquake.usgs.gov/earthquakes/feed/v1.0/detail/nn00891970.geojson","felt":null,"cdi":null,"mmi":null,"alert":null,"status":"automatic","tsunami":0,"sig":56,"net":"nn","code":"00891970","ids":",nn00891970,","sources":",nn,","types":",origin,phase-data,","nst":15,"dmin":0.148,"rms":0.3057,"gap":105.27000000000001,"magType":"ml","type":"earthquake","title":"M 1.9 - 13 km ESE of Hawthorne, Nevada"},"geometry":{"type":"Point","coordinates":[-118.4761,38.4848,0]},"id":"nn00891970"},
{"type":"Feature","properties":{"mag":1.49,"place":"2 km NNE of Helper, Utah","time":1736849010810,"updated":1736865408350,"tz":null,"url":"https://earthquake.usgs.gov/earthquakes/eventpage/uu80099611","detail":"https://earthquake.usgs.gov/earthquakes/feed/v1.0/detail/uu80099611.geojson","felt":null,"cdi":null,"mmi":null,"alert":null,"status":"reviewed","tsunami":0,"sig":34,"net":"uu","code":"80099611","ids":",uu80099611,","sources":",uu,","types":",origin,phase-data,","nst":14,"dmin":0.0853,"rms":0.16,"gap":115,"magType":"ml","type":"earthquake","title":"M 1.5 - 2 km NNE of Helper, Utah"},"geometry":{"type":"Point","coordinates":[-110.847,39.7025,-3.2]},"id":"uu80099611"},
{"type":"Feature","properties":{"mag":2.43,"place":"36 km W of Petrolia, CA","time":1736848382850,"updated":1736850137131,"tz":null,"url":"https://earthquake.usgs.gov/earthquakes/eventpage/nc75116991","detail":"https://earthquake.usgs.gov/earthquakes/feed/v1.0/detail/nc75116991.geojson","felt":null,"cdi":null,"mmi":null,"alert":null,"status":"automatic","tsunami":0,"sig":91,"net":"nc","code":"75116991","ids":",nc75116991,","sources":",nc,","types":",nearby-cities,origin,phase-data,scitech-link,","nst":6,"dmin":0.407,"rms":0.05,"gap":324,"magType":"md","type":"earthquake","title":"M 2.4 - 36 km W of Petrolia, CA"},"geometry":{"type":"Point","coordinates":[-124.698333740234,40.2608337402344,25.2600002288818]},"id":"nc75116991"},
{"type":"Feature","properties":{"mag":1.4,"place":"14 km N of Susitna, Alaska","time":1736847849010,"updated":1736848001128,"tz":null,"url":"https://earthquake.usgs.gov/earthquakes/eventpage/ak025nb57k5","detail":"https://earthquake.usgs.gov/earthquakes/feed/v1.0/detail/ak025nb57k5.geojson","felt":null,"cdi":null,"mmi":null,"alert":null,"status":"automatic","tsunami":0,"sig":30,"net":"ak","code":"025nb57k5","ids":",ak025nb57k5,","sources":",ak,","types":",origin,phase-data,","nst":null,"dmin":null,"rms":0.59,"gap":null,"magType":"ml","type":"earthquake","title":"M 1.4 - 14 km N of Susitna, Alaska"},"geometry":{"type":"Point","coordinates":[-150.4815,61.6763,50.6]},"id":"ak025nb57k5"},
{"type":"Feature","properties":{"mag":1.06,"place":"2 km NNE of The Geysers, CA","time":1736847603940,"updated":1736847699676,"tz":null,"url":"https://earthquake.usgs.gov/earthquakes/eventpage/nc75116986","detail":"https://earthquake.usgs.gov/earthquakes/feed/v1.0/detail/nc75116986.geojson","felt":null,"cdi":null,"mmi":null,"alert":null,"status":"automatic","tsunami":0,"sig":17,"net":"nc","code":"75116986","ids":",nc75116986,","sources":",nc,","types":",nearby-cities,origin,phase-data,","nst":10,"dmin":0.00665,"rms":0.03,"gap":148,"magType":"md","type":"earthquake","title":"M 1.1 - 2 km NNE of The Geysers, CA"},"geometry":{"type":"Point","coordinates":[-122.754837036133,38.795166015625,0.620000004768372]},"id":"nc75116986"},
{"type":"Feature","properties":{"mag":1.9,"place":"40 km NNE of Whittier, Alaska","time":1736846960898,"updated":1736847069392,"tz":null,"url":"https://earthquake.usgs.gov/earthquakes/eventpage/ak025nb20qh","detail":"https://earthquake.usgs.gov/earthquakes/feed/v1.0/detail/ak025nb20qh.geojson","felt":null,"cdi":null,"mmi":null,"alert":null,"status":"automatic","tsunami":0,"sig":56,"net":"ak","code":"025nb20qh","ids":",ak025nb20qh,","sources":",ak,","types":",origin,phase-data,","nst":null,"dmin":null,"rms":1.14,"gap":null,"magType":"ml","type":"earthquake","title":"M 1.9 - 40 km NNE of Whittier, Alaska"},"geometry":{"type":"Point","coordinates":[-148.3217,61.09,0]},"id":"ak025nb20qh"},
{"type":"Feature","properties":{"mag":1.57,"place":"17 km S of Tres Pinos, CA","time":1736846462230,"updated":1736846560843,"tz":null,"url":"https://earthquake.usgs.gov/earthquakes/eventpage/nc75116981","detail":"https://earthquake.usgs.gov/earthquakes/feed/v1.0/detail/nc75116981.geojson","felt":null,"cdi":null,"mmi":null,"alert":null,"status":"automatic","tsunami":0,"sig":38,"net":"nc","code":"75116981","ids":",nc75116981,","sources":",nc,","types":",nearby-cities,origin,phase-data,","nst":19,"dmin":0.02862,"rms":0.13,"gap":58,"magType":"md","type":"earthquake","title":"M 1.6 - 17 km S of Tres Pinos, CA"},"geometry":{"type":"Point","coordinates":[-121.297164916992,36.6358337402344,6.17000007629395]},"id":"nc75116981"},
{"type":"Feature","properties":{"mag":2.1,"place":"3 km NNE of Central, Alaska","time":1736846070406,"updated":1736846262031,"tz":null,"url":"https://earthquake.usgs.gov/earthquakes/eventpage/ak025naytqh","detail":"https://earthquake.usgs.gov/earthquakes/feed/v1.0/detail/ak025naytqh.geojson","felt":null,"cdi":null,"mmi":null,"alert":null,"status":"automatic","tsunami":0,"sig":68,"net":"ak","code":"025naytqh","ids":",ak025naytqh,","sources":",ak,","types":",origin,phase-data,","nst":null,"dmin":null,"rms":0.6,"gap":null,"magType":"ml","type":"earthquake","title":"M 2.1 - 3 km NNE of Central, Alaska"},"geometry":{"type":"Point","coordinates":[-144.7662,65.5967,0]},"id":"ak025naytqh"},
{"type":"Feature","properties":{"mag":1.4,"place":"7 km E of Avon, Utah","time":1736845151330,"updated":1736864342780,"tz":null,"url":"https://earthquake.usgs.gov/earthquakes/eventpage/uu80099606","detail":"https://earthquake.usgs.gov/earthquakes/feed/v1.0/detail/uu80099606.geojson","felt":null,"cdi":null,"mmi":null,"alert":null,"status":"reviewed","tsunami":0,"sig":30,"net":"uu","code":"80099606","ids":",uu80099606,","sources":",uu,","types":",origin,phase-data,","nst":25,"dmin":0.06859,"rms":0.15,"gap":48,"magType":"md","type":"earthquake","title":"M 1.4 - 7 km E of Avon, Utah"},"geometry":{"type":"Point","coordinates":[-111.728333333333,41.5258333333333,10.41]},"id":"uu80099606"},
{"type":"Feature","properties":{"mag":1.6,"place":"39 km SSE of Goldfield, Nevada","time":1736844540269,"updated":1736844669496,"tz":null,"url":"https://earthquake.usgs.gov/earthquakes/eventpage/nn00891967","detail":"https://earthquake.usgs.gov/earthquakes/feed/v1.0/detail/nn00891967.geojson","felt":null,"cdi":null,"mmi":null,"alert":null,"status":"automatic","tsunami":0,"sig":39,"net":"nn","code":"00891967","ids":",nn00891967,","sources":",nn,","types":",origin,phase-data,","nst":18,"dmin":0.115,"rms":0.2274,"gap":140.81,"magType":"ml","type":"earthquake","title":"M 1.6 - 39 km SSE of Goldfield, Nevada"},"geometry":{"type":"Point","coordinates":[-117.1359,37.3586,5.6]},"id":"nn00891967"},
{"type":"Feature","properties":{"mag":1.48,"place":"7 km E of Heber, CA","time":1736843181200,"updated":1736843399668,"tz":null,"url":"https://earthquake.usgs.gov/earthquakes/eventpage/ci40839223","detail":"https://earthquake.usgs.gov/earthquakes/feed/v1.0/detail/ci40839223.geojson","felt":null,"cdi":null,"mmi":null,"alert":null,"status":"automatic","tsunami":0,"sig":34,"net":"ci","code":"40839223","ids":",ci40839223,","sources":",ci,","types":",nearby-cities,origin,phase-data,scitech-link,","nst":13,"dmin":0.06885,"rms":0.18,"gap":244,"magType":"ml","type":"earthquake","title":"M 1.5 - 7 km E of Heber, CA"},"geometry":{"type":"Point","coordinates":[-115.4533333,32.7365,18.23]},"id":"ci40839223"},
{"type":"Feature","properties":{"mag":5.2,"place":"111 km S of Laugar, Iceland","time":1736841922462,"updated":1736842981040,"tz":null,"url":"https://earthquake.usgs.gov/earthquakes/eventpage/us6000pjw8","detail":"https://earthquake.usgs.gov/earthquakes/feed/v1.0/detail/us6000pjw8.geojson","felt":null,"cdi":null,"mmi":null,"alert":null,"status":"reviewed","tsunami":0,"sig":416,"net":"us","code":"6000pjw8","ids":",us6000pjw8,","sources":",us,","types":",origin,phase-data,","nst":91,"dmin":1.679,"rms":1.14,"gap":42,"magType":"mww","type":"earthquake","title":"M 5.2 - 111 km S of Laugar, Iceland"},"geometry":{"type":"Point","coordinates":[-17.4149,64.7192,10]},"id":"us6000pjw8"},
{"type":"Feature","properties":{"mag":1.7,"place":"39 km NNW of Toyah, Texas","time":1736841549640,"updated":1736863064927,"tz":null,"url":"https://earthquake.usgs.gov/earthquakes/eventpage/tx2025ayjj","detail":"https://earthquake.usgs.gov/earthquakes/feed/v1.0/detail/tx2025ayjj.geojson","felt":null,"cdi":null,"mmi":null,"alert":null,"status":"reviewed","tsunami":0,"sig":44,"net":"tx","code":"2025ayjj","ids":",tx2025ayjj,","sources":",tx,","types":",origin,phase-data,","nst":27,"dmin":0,"rms":0.1,"gap":55,"magType":"ml","type":"earthquake","title":"M 1.7 - 39 km NNW of Toyah, Texas"},"geometry":{"type":"Point","coordinates":[-104.006,31.617,7.702]},"id":"tx2025ayjj"},
{"type":"Feature","properties":{"mag":2.1,"place":"46 km W of Mentone, Texas","time":1736840614955,"updated":1736862970823,"tz":null,"url":"https://earthquake.usgs.gov/earthquakes/eventpage/tx2025ayiv","detail":"https://earthquake.usgs.gov/earthquakes/feed/v1.0/detail/tx2025ayiv.geojson","felt":null,"cdi":null,"mmi":null,"alert":null,"status":"reviewed","tsunami":0,"sig":68,"net":"tx","code":"2025ayiv","ids":",tx2025ayiv,","sources":",tx,","types":",origin,phase-data,","nst":21,"dmin":0.1,"rms":0.2,"gap":61,"magType":"ml","type":"earthquake","title":"M 2.1 - 46 km W of Mentone, Texas"},"geometry":{"type":"Point","coordinates":[-104.093,31.732,6.5485]},"id":"tx2025ayiv"},
{"type":"Feature","properties":{"mag":4.5,"place":"236 km E of Kuril’sk, Russia","time":1736840316268,"updated":1736848961040,"tz":null,"url":"https://earthquake.usgs.gov/earthquakes/eventpage/us6000pjw5","detail":"https://earthquake.usgs.gov/earthquakes/feed/v1.0/detail/us6000pjw5.geojson","felt":null,"cdi":null,"mmi":null,"alert":null,"status":"reviewed","tsunami":0,"sig":312,"net":"us","code":"6000pjw5","ids":",us6000pjw5,","sources":",us,","types":",origin,phase-data,","nst":40,"dmin":5.897,"rms":0.59,"gap":144,"magType":"mb","type":"earthquake","title":"M 4.5 - 236 km E of Kuril’sk, Russia"},"geometry":{"type":"Point","coordinates":[150.8942,45.2827,60.941]},"id":"us6000pjw5"},
{"type":"Feature","properties":{"mag":1.1,"place":"20 km NNE of Yerington, Nevada","time":1736840143493,"updated":1736840277422,"tz":null,"url":"https://earthquake.usgs.gov/earthquakes/eventpage/nn00891962","detail":"https://earthquake.usgs.gov/earthquakes/feed/v1.0/detail/nn00891962.geojson","felt":null,"cdi":null,"mmi":null,"alert":null,"status":"automatic","tsunami":0,"sig":19,"net":"nn","code":"00891962","ids":",nn00891962,","sources":",nn,","types":",origin,phase-data,","nst":10,"dmin":0.023,"rms":0.1315,"gap":88.37,"magType":"ml","type":"earthquake","title":"M 1.1 - 20 km NNE of Yerington, Nevada"},"geometry":{"type":"Point","coordinates":[-119.0615,39.154,6]},"id":"nn00891962"},
{"type":"Feature","properties":{"mag":1.05,"place":"3 km ESE of Lincoln, Montana","time":1736839325960,"updated":1736868587200,"tz":null,"url":"https://earthquake.usgs.gov/earthquakes/eventpage/mb90070928","detail":"https://earthquake.usgs.gov/earthquakes/feed/v1.0/detail/mb90070928.geojson","felt":null,"cdi":null,"mmi":null,"alert":null,"status":"reviewed","tsunami":0,"sig":17,"net":"mb","code":"90070928","ids":",mb90070928,","sources":",mb,","types":",origin,phase-data,","nst":6,"dmin":0.0151,"rms":0.07,"gap":130,"magType":"ml","type":"earthquake","title":"M 1.1 - 3 km ESE of Lincoln, Montana"},"geometry":{"type":"Point","coordinates":[-112.6405,46.9446666666667,9.52]},"id":"mb90070928"},
{"type":"Feature","properties":{"mag":1.5,"place":"38 km W of Nikiski, Alaska","time":1736839309140,"updated":1736839428429,"tz":null,"url":"https://earthquake.usgs.gov/earthquakes/eventpage/ak025n9thz6","detail":"https://earthquake.usgs.gov/earthquakes/feed/v1.0/detail/ak025n9thz6.geojson","felt":null,"cdi":null,"mmi":null,"alert":null,"status":"automatic","tsunami":0,"sig":35,"net":"ak","code":"025n9thz6","ids":",ak025n9thz6,","sources":",ak,","types":",origin,phase-data,","nst":null,"dmin":null,"rms":0.69,"gap":null,"magType":"ml","type":"earthquake","title":"M 1.5 - 38 km W of Nikiski, Alaska"},"geometry":{"type":"Point","coordinates":[-151.9998,60.7226,54.3]},"id":"ak025n9thz6"},
{"type":"Feature","properties":{"mag":1.2,"place":"27 km SSE of Mina, Nevada","time":1736838481721,"updated":1736838637235,"tz":null,"url":"https://earthquake.usgs.gov/earthquakes/eventpage/nn00891959","detail":"https://earthquake.usgs.gov/earthquakes/feed/v1.0/detail/nn00891959.geojson","felt":null,"cdi":null,"mmi":null,"alert":null,"status":"automatic","tsunami":0,"sig":22,"net":"nn","code":"00891959","ids":",nn00891959,","sources":",nn,","types":",origin,phase-data,","nst":9,"dmin":0.04,"rms":0.2048,"gap":169.41,"magType":"ml","type":"earthquake","title":"M 1.2 - 27 km SSE of Mina, Nevada"},"geometry":{"type":"Point","coordinates":[-117.9378,38.1842,5]},"id":"nn00891959"},
{"type":"Feature","properties":{"mag":1.2,"place":"20 km NNE of Yerington, Nevada","time":1736838195218,"updated":1736838317597,"tz":null,"url":"https://earthquake.usgs.gov/earthquakes/eventpage/nn00891957","detail":"https://earthquake.usgs.gov/earthquakes/feed/v1.0/detail/nn00891957.geojson","felt":null,"cdi":null,"mmi":null,"alert":null,"status":"automatic","tsunami":0,"sig":22,"net":"nn","code":"00891957","ids":",nn00891957,","sources":",nn,","types":",origin,phase-data,","nst":12,"dmin":0.022,"rms":0.1612,"gap":84.72000000000003,"magType":"ml","type":"earthquake","title":"M 1.2 - 20 km NNE of Yerington, Nevada"},"geometry":{"type":"Point","coordinates":[-119.0595,39.1546,7.7]},"id":"nn00891957"},
{"type":"Feature","properties":{"mag":2.02,"place":"15 km WNW of Petrolia, CA","time":1736837887180,"updated":1736837984708,"tz":null,"url":"https://earthquake.usgs.gov/earthquakes/eventpage/nc75116956","detail":"https://earthquake.usgs.gov/earthquakes/feed/v1.0/detail/nc75116956.geojson","felt":null,"cdi":null,"mmi":null,"alert":null,"status":"automatic","tsunami":0,"sig":63,"net":"nc","code":"75116956","ids":",nc75116956,","sources":",nc,","types":",nearby-cities,origin,phase-data,","nst":7,"dmin":0.09684,"rms":0.03,"gap":264,"magType":"md","type":"earthquake","title":"M 2.0 - 15 km WNW of Petrolia, CA"},"geometry":{"type":"Point","coordinates":[-124.448997497559,40.3623352050781,6.59000015258789]},"id":"nc75116956"},
{"type":"Feature","properties":{"mag":3.2,"place":"21 km NNE of Yerington, Nevada","time":1736837583316,"updated":1736876815893,"tz":null,"url":"https://earthquake.usgs.gov/earthquakes/eventpage/nn00891952","detail":"https://earthquake.usgs.gov/earthquakes/feed/v1.0/detail/nn00891952.geojson","felt":5,"cdi":3.6,"mmi":null,"alert":null,"status":"reviewed","tsunami":0,"sig":159,"net":"nn","code":"00891952","ids":",nn00891952,","sources":",nn,","types":",dyfi,origin,phase-data,","nst":48,"dmin":0.016,"rms":0.1489,"gap":21.6,"magType":"ml","type":"earthquake","title":"M 3.2 - 21 km NNE of Yerington, Nevada"},"geometry":{"type":"Point","coordinates":[-119.0476,39.1546,7.2]},"id":"nn00891952"},
{"type":"Feature","properties":{"mag":3.53,"place":"79 km N of Culebra, Puerto Rico","time":1736837409720,"updated":1736839166564,"tz":null,"url":"https://earthquake.usgs.gov/earthquakes/eventpage/pr2025014000","detail":"https://earthquake.usgs.gov/earthquakes/feed/v1.0/detail/pr2025014000.geojson","felt":null,"cdi":null,"mmi":null,"alert":null,"status":"reviewed","tsunami":0,"sig":192,"net":"pr","code":"2025014000","ids":",pr2025014000,","sources":",pr,","types":",origin,phase-data,","nst":15,"dmin":0.7119,"rms":0.12,"gap":247,"magType":"md","type":"earthquake","title":"M 3.5 - 79 km N of Culebra, Puerto Rico"},"geometry":{"type":"Point","coordinates":[-65.3256,19.0181,45]},"id":"pr2025014000"},
{"type":"Feature","properties":{"mag":1.8,"place":"20 km ESE of Kasilof, Alaska","time":1736837065255,"updated":1736837198132,"tz":null,"url":"https://earthquake.usgs.gov/earthquakes/eventpage/ak025n9cxzx","detail":"https://earthquake.usgs.gov/earthquakes/feed/v1.0/detail/ak025n9cxzx.geojson","felt":null,"cdi":null,"mmi":null,"alert":null,"status":"automatic","tsunami":0,"sig":50,"net":"ak","code":"025n9cxzx","ids":",ak025n9cxzx,","sources":",ak,","types":",origin,phase-data,","nst":null,"dmin":null,"rms":0.4,"gap":null,"magType":"ml","type":"earthquake","title":"M 1.8 - 20 km ESE of Kasilof, Alaska"},"geometry":{"type":"Point","coordinates":[-150.9532,60.2503,62.3]},"id":"ak025n9cxzx"},
{"type":"Feature","properties":{"mag":1.5,"place":"16 km NE of Yerington, Nevada","time":1736836961736,"updated":1736837098186,"tz":null,"url":"https://earthquake.usgs.gov/earthquakes/eventpage/nn00891950","detail":"https://earthquake.usgs.gov/earthquakes/feed/v1.0/detail/nn00891950.geojson","felt":null,"cdi":null,"mmi":null,"alert":null,"status":"automatic","tsunami":0,"sig":35,"net":"nn","code":"00891950","ids":",nn00891950,","sources":",nn,","types":",origin,phase-data,","nst":15,"dmin":0.07,"rms":0.1221,"gap":63.44,"magType":"ml","type":"earthquake","title":"M 1.5 - 16 km NE of Yerington, Nevada"},"geometry":{"type":"Point","coordinates":[-119.0358,39.0989,8.6]},"id":"nn00891950"},
{"type":"Feature","properties":{"mag":2.4,"place":"35 km W of Tyonek, Alaska","time":1736836951919,"updated":1736837692117,"tz":null,"url":"https://earthquake.usgs.gov/earthquakes/eventpage/ak025n9chse","detail":"https://earthquake.usgs.gov/earthquakes/feed/v1.0/detail/ak025n9chse.geojson","felt":null,"cdi":null,"mmi":null,"alert":null,"status":"automatic","tsunami":0,"sig":89,"net":"ak","code":"025n9chse","ids":",ak025n9chse,","sources":",ak,","types":",origin,phase-data,","nst":null,"dmin":null,"rms":1.12,"gap":null,"magType":"ml","type":"earthquake","title":"M 2.4 - 35 km W of Tyonek, Alaska"},"geometry":{"type":"Point","coordinates":[-151.7938,61.1002,40]},"id":"ak025n9chse"},
{"type":"Feature","properties":{"mag":1,"place":"4 km SE of Ontario, CA","time":1736836773810,"updated":1736837053293,"tz":null,"url":"https://earthquake.usgs.gov/earthquakes/eventpage/ci40839215","detail":"https://earthquake.usgs.gov/earthquakes/feed/v1.0/detail/ci40839215.geojson","felt":null,"cdi":null,"mmi":null,"alert":null,"status":"automatic","tsunami":0,"sig":15,"net":"ci","code":"40839215","ids":",ci40839215,","sources":",ci,","types":",nearby-cities,origin,phase-data,scitech-link,","nst":9,"dmin":0.01156,"rms":0.06,"gap":112,"magType":"ml","type":"earthquake","title":"M 1.0 - 4 km SE of Ontario, CA"},"geometry":{"type":"Point","coordinates":[-117.5935,34.0316667,2.66]},"id":"ci40839215"},
{"type":"Feature","properties":{"mag":1.6,"place":"42 km WSW of Tyonek, Alaska","time":1736836268604,"updated":1736836387043,"tz":null,"url":"https://earthquake.usgs.gov/earthquakes/eventpage/ak025n9a4ek","detail":"https://earthquake.usgs.gov/earthquakes/feed/v1.0/detail/ak025n9a4ek.geojson","felt":null,"cdi":null,"mmi":null,"alert":null,"status":"automatic","tsunami":0,"sig":39,"net":"ak","code":"025n9a4ek","ids":",ak025n9a4ek,","sources":",ak,","types":",origin,phase-data,","nst":null,"dmin":null,"rms":0.87,"gap":null,"magType":"ml","type":"earthquake","title":"M 1.6 - 42 km WSW of Tyonek, Alaska"},"geometry":{"type":"Point","coordinates":[-151.8964,60.9574,88.7]},"id":"ak025n9a4ek"},
{"type":"Feature","properties":{"mag":4.4,"place":"120 km S of Akureyri, Iceland","time":1736836161304,"updated":1736838223040,"tz":null,"url":"https://earthquake.usgs.gov/earthquakes/eventpage/us6000pjvv","detail":"https://earthquake.usgs.gov/earthquakes/feed/v1.0/detail/us6000pjvv.geojson","felt":null,"cdi":null,"mmi":null,"alert":null,"status":"reviewed","tsunami":0,"sig":298,"net":"us","code":"6000pjvv","ids":",us6000pjvv,","sources":",us,","types":",origin,phase-data,","nst":40,"dmin":1.525,"rms":0.85,"gap":117,"magType":"mb","type":"earthquake","title":"M 4.4 - 120 km S of Akureyri, Iceland"},"geometry":{"type":"Point","coordinates":[-17.7944,64.6117,10]},"id":"us6000pjvv"},
{"type":"Feature","properties":{"mag":0.95,"place":"3 km ENE of The Geysers, CA","time":1736835751010,"updated":1736835844560,"tz":null,"url":"https://earthquake.usgs.gov/earthquakes/eventpage/nc75116946","detail":"https://earthquake.usgs.gov/earthquakes/feed/v1.0/detail/nc75116946.geojson","felt":null,"cdi":null,"mmi":null,"alert":null,"status":"automatic","tsunami":0,"sig":14,"net":"nc","code":"75116946","ids":",nc75116946,","sources":",nc,","types":",nearby-cities,origin,phase-data,","nst":7,"dmin":0.02742,"rms":0.01,"gap":99,"magType":"md","type":"earthquake","title":"M 1.0 - 3 km ENE of The Geysers, CA"},"geometry":{"type":"Point","coordinates":[-122.725997924805,38.7929992675781,1.5900000333786]},"id":"nc75116946"},
{"type":"Feature","properties":{"mag":1.5,"place":"10 km ENE of Balmorhea, Texas","time":1736835362238,"updated":1736871933242,"tz":null,"url":"https://earthquake.usgs.gov/earthquakes/eventpage/tx2025ayfw","detail":"https://earthquake.usgs.gov/earthquakes/feed/v1.0/detail/tx2025ayfw.geojson","felt":1,"cdi":2.7,"mmi":null,"alert":null,"status":"reviewed","tsunami":0,"sig":35,"net":"tx","code":"2025ayfw","ids":",tx2025ayfw,","sources":",tx,","types":",dyfi,origin,phase-data,","nst":20,"dmin":0.1,"rms":0.2,"gap":64,"magType":"ml","type":"earthquake","title":"M 1.5 - 10 km ENE of Balmorhea, Texas"},"geometry":{"type":"Point","coordinates":[-103.636,31.004,8.8684]},"id":"tx2025ayfw"},
{"type":"Feature","properties":{"mag":1.2,"place":"20 km NNE of Yerington, Nevada","time":1736835310845,"updated":1736835437603,"tz":null,"url":"https://earthquake.usgs.gov/earthquakes/eventpage/nn00891948","detail":"https://earthquake.usgs.gov/earthquakes/feed/v1.0/detail/nn00891948.geojson","felt":null,"cdi":null,"mmi":null,"alert":null,"status":"automatic","tsunami":0,"sig":22,"net":"nn","code":"00891948","ids":",nn00891948,","sources":",nn,","types":",origin,phase-data,","nst":9,"dmin":0.022,"rms":0.0764,"gap":81.62,"magType":"ml","type":"earthquake","title":"M 1.2 - 20 km NNE of Yerington, Nevada"},"geometry":{"type":"Point","coordinates":[-119.0435,39.1472,8.1]},"id":"nn00891948"},
{"type":"Feature","properties":{"mag":2.2,"place":"67 km N of Petersville, Alaska","time":1736835230781,"updated":1736835366414,"tz":null,"url":"https://earthquake.usgs.gov/earthquakes/eventpage/ak025n96crq","detail":"https://earthquake.usgs.gov/earthquakes/feed/v1.0/detail/ak025n96crq.geojson","felt":null,"cdi":null,"mmi":null,"alert":null,"status":"automatic","tsunami":0,"sig":74,"net":"ak","code":"025n96crq","ids":",ak025n96crq,","sources":",ak,","types":",origin,phase-data,","nst":null,"dmin":null,"rms":0.43,"gap":null,"magType":"ml","type":"earthquake","title":"M 2.2 - 67 km N of Petersville, Alaska"},"geometry":{"type":"Point","coordinates":[-150.5519,63.0944,103.2]},"id":"ak025n96crq"},
{"type":"Feature","properties":{"mag":1.24,"place":"12 km W of Round Valley, CA","time":1736835031240,"updated":1736835130996,"tz":null,"url":"https://earthquake.usgs.gov/earthquakes/eventpage/nc75116941","detail":"https://earthquake.usgs.gov/earthquakes/feed/v1.0/detail/nc75116941.geojson","felt":null,"cdi":null,"mmi":null,"alert":null,"status":"automatic","tsunami":0,"sig":24,"net":"nc","code":"75116941","ids":",nc75116941,","sources":",nc,","types":",nearby-cities,origin,phase-data,","nst":12,"dmin":0.1948,"rms":0.07,"gap":152,"magType":"md","type":"earthquake","title":"M 1.2 - 12 km W of Round Valley, CA"},"geometry":{"type":"Point","coordinates":[-118.73217010498,37.410831451416,11.6300001144409]},"id":"nc75116941"},
{"type":"Feature","properties":{"mag":1.26,"place":"3 km ENE of Canoga Park, CA","time":1736834293540,"updated":1736866872624,"tz":null,"url":"https://earthquake.usgs.gov/earthquakes/eventpage/ci40839199","detail":"https://earthquake.usgs.gov/earthquakes/feed/v1.0/detail/ci40839199.geojson","felt":null,"cdi":null,"mmi":null,"alert":null,"status":"reviewed","tsunami":0,"sig":24,"net":"ci","code":"40839199","ids":",ci40839199,","sources":",ci,","types":",nearby-cities,origin,phase-data,scitech-link,","nst":28,"dmin":0.06615,"rms":0.18,"gap":69,"magType":"ml","type":"earthquake","title":"M 1.3 - 3 km ENE of Canoga Park, CA"},"geometry":{"type":"Point","coordinates":[-118.5765,34.2156667,17.44]},"id":"ci40839199"},
{"type":"Feature","properties":{"mag":1,"place":"52 km NW of Ninilchik, Alaska","time":1736833427937,"updated":1736833531946,"tz":null,"url":"https://earthquake.usgs.gov/earthquakes/eventpage/ak025n8rcfd","detail":"https://earthquake.usgs.gov/earthquakes/feed/v1.0/detail/ak025n8rcfd.geojson","felt":null,"cdi":null,"mmi":null,"alert":null,"status":"automatic","tsunami":0,"sig":15,"net":"ak","code":"025n8rcfd","ids":",ak025n8rcfd,","sources":",ak,","types":",origin,phase-data,","nst":null,"dmin":null,"rms":0.29,"gap":null,"magType":"ml","type":"earthquake","title":"M 1.0 - 52 km NW of Ninilchik, Alaska"},"geometry":{"type":"Point","coordinates":[-152.4003,60.3482,105.5]},"id":"ak025n8rcfd"},
{"type":"Feature","properties":{"mag":1.4,"place":"58 km ESE of King Salmon, Alaska","time":1736833077448,"updated":1736833249492,"tz":null,"url":"https://earthquake.usgs.gov/earthquakes/eventpage/ak025n8q2v4","detail":"https://earthquake.usgs.gov/earthquakes/feed/v1.0/detail/ak025n8q2v4.geojson","felt":null,"cdi":null,"mmi":null,"alert":null,"status":"automatic","tsunami":0,"sig":30,"net":"ak","code":"025n8q2v4","ids":",ak025n8q2v4,","sources":",ak,","types":",origin,phase-data,","nst":null,"dmin":null,"rms":0.16,"gap":null,"magType":"ml","type":"earthquake","title":"M 1.4 - 58 km ESE of King Salmon, Alaska"},"geometry":{"type":"Point","coordinates":[-155.7526,58.4623,142]},"id":"ak025n8q2v4"},
{"type":"Feature","properties":{"mag":1.9,"place":"56 km NW of Toyah, Texas","time":1736832648525,"updated":1736862697797,"tz":null,"url":"https://earthquake.usgs.gov/earthquakes/eventpage/tx2025ayel","detail":"https://earthquake.usgs.gov/earthquakes/feed/v1.0/detail/tx2025ayel.geojson","felt":null,"cdi":null,"mmi":null,"alert":null,"status":"reviewed","tsunami":0,"sig":56,"net":"tx","code":"2025ayel","ids":",tx2025ayel,","sources":",tx,","types":",origin,phase-data,","nst":22,"dmin":0.1,"rms":0.2,"gap":70,"magType":"ml","type":"earthquake","title":"M 1.9 - 56 km NW of Toyah, Texas"},"geometry":{"type":"Point","coordinates":[-104.275,31.616,7.9968]},"id":"tx2025ayel"},
{"type":"Feature","properties":{"mag":1.2,"place":"52 km ESE of Knik River, Alaska","time":1736832554456,"updated":1736832739605,"tz":null,"url":"https://earthquake.usgs.gov/earthquakes/eventpage/ak025n8o9th","detail":"https://earthquake.usgs.gov/earthquakes/feed/v1.0/detail/ak025n8o9th.geojson","felt":null,"cdi":null,"mmi":null,"alert":null,"status":"automatic","tsunami":0,"sig":22,"net":"ak","code":"025n8o9th","ids":",ak025n8o9th,","sources":",ak,","types":",origin,phase-data,","nst":null,"dmin":null,"rms":0.54,"gap":null,"magType":"ml","type":"earthquake","title":"M 1.2 - 52 km ESE of Knik River, Alaska"},"geometry":{"type":"Point","coordinates":[-147.9717,61.34,19.6]},"id":"ak025n8o9th"},
{"type":"Feature","properties":{"mag":1.06,"place":"24 km SSW of Ocotillo Wells, CA","time":1736832188330,"updated":1736832520718,"tz":null,"url":"https://earthquake.usgs.gov/earthquakes/eventpage/ci40839175","detail":"https://earthquake.usgs.gov/earthquakes/feed/v1.0/detail/ci40839175.geojson","felt":null,"cdi":null,"mmi":null,"alert":null,"status":"automatic","tsunami":0,"sig":17,"net":"ci","code":"40839175","ids":",ci40839175,","sources":",ci,","types":",nearby-cities,origin,phase-data,scitech-link,","nst":42,"dmin":0.1501,"rms":0.18,"gap":59,"magType":"ml","type":"earthquake","title":"M 1.1 - 24 km SSW of Ocotillo Wells, CA"},"geometry":{"type":"Point","coordinates":[-116.2346667,32.9461667,13.18]},"id":"ci40839175"},
{"type":"Feature","properties":{"mag":1.54,"place":"2 km SSW of Baldwin Hills, CA","time":1736832148120,"updated":1736833144979,"tz":null,"url":"https://earthquake.usgs.gov/earthquakes/eventpage/ci40839167","detail":"https://earthquake.usgs.gov/earthquakes/feed/v1.0/detail/ci40839167.geojson","felt":9,"cdi":2.8,"mmi":null,"alert":null,"status":"automatic","tsunami":0,"sig":39,"net":"ci","code":"40839167","ids":",ci40839167,","sources":",ci,","types":",dyfi,nearby-cities,origin,phase-data,scitech-link,","nst":36,"dmin":0.01613,"rms":0.22,"gap":39,"magType":"ml","type":"earthquake","title":"M 1.5 - 2 km SSW of Baldwin Hills, CA"},"geometry":{"type":"Point","coordinates":[-118.3856667,33.9855,8.29]},"id":"ci40839167"},
{"type":"Feature","properties":{"mag":1.5,"place":"23 km NNE of Yerington, Nevada","time":1736831885369,"updated":1736832037065,"tz":null,"url":"https://earthquake.usgs.gov/earthquakes/eventpage/nn00891947","detail":"https://earthquake.usgs.gov/earthquakes/feed/v1.0/detail/nn00891947.geojson","felt":null,"cdi":null,"mmi":null,"alert":null,"status":"automatic","tsunami":0,"sig":35,"net":"nn","code":"00891947","ids":",nn00891947,","sources":",nn,","types":",origin,phase-data,","nst":12,"dmin":0.007,"rms":0.1117,"gap":70.72000000000003,"magType":"ml","type":"earthquake","title":"M 1.5 - 23 km NNE of Yerington, Nevada"},"geometry":{"type":"Point","coordinates":[-119.0353,39.1753,4.2]},"id":"nn00891947"},
{"type":"Feature","properties":{"mag":1.39,"place":"8 km N of Running Springs, CA","time":1736831856370,"updated":1736866982260,"tz":null,"url":"https://earthquake.usgs.gov/earthquakes/eventpage/ci40839159","detail":"https://earthquake.usgs.gov/earthquakes/feed/v1.0/detail/ci40839159.geojson","felt":null,"cdi":null,"mmi":null,"alert":null,"status":"reviewed","tsunami":0,"sig":30,"net":"ci","code":"40839159","ids":",ci40839159,","sources":",ci,","types":",focal-mechanism,nearby-cities,origin,phase-data,scitech-link,","nst":54,"dmin":0.08106,"rms":0.15,"gap":24,"magType":"ml","type":"earthquake","title":"M 1.4 - 8 km N of Running Springs, CA"},"geometry":{"type":"Point","coordinates":[-117.104,34.2758333,3.88]},"id":"ci40839159"},
{"type":"Feature","properties":{"mag":1.49,"place":"8 km N of Running Springs, CA","time":1736831791900,"updated":1736866985060,"tz":null,"url":"https://earthquake.usgs.gov/earthquakes/eventpage/ci40839143","detail":"https://earthquake.usgs.gov/earthquakes/feed/v1.0/detail/ci40839143.geojson","felt":null,"cdi":null,"mmi":null,"alert":null,"status":"reviewed","tsunami":0,"sig":34,"net":"ci","code":"40839143","ids":",ci40839143,","sources":",ci,","types":",focal-mechanism,nearby-cities,origin,phase-data,scitech-link,","nst":67,"dmin":0.08087,"rms":0.13,"gap":22,"magType":"ml","type":"earthquake","title":"M 1.5 - 8 km N of Running Springs, CA"},"geometry":{"type":"Point","coordinates":[-117.1041667,34.2756667,3.56]},"id":"ci40839143"},
{"type":"Feature","properties":{"mag":3,"place":"86 km SW of Delta Junction, Alaska","time":1736831429454,"updated":1736831532702,"tz":null,"url":"https://earthquake.usgs.gov/earthquakes/eventpage/ak025n8k8ce","detail":"https://earthquake.usgs.gov/earthquakes/feed/v1.0/detail/ak025n8k8ce.geojson","felt":null,"cdi":null,"mmi":null,"alert":null,"status":"automatic","tsunami":0,"sig":138,"net":"ak","code":"025n8k8ce","ids":",ak025n8k8ce,","sources":",ak,","types":",origin,phase-data,","nst":null,"dmin":null,"rms":0.42,"gap":null,"magType":"ml","type":"earthquake","title":"M 3.0 - 86 km SW of Delta Junction, Alaska"},"geometry":{"type":"Point","coordinates":[-147.1833,63.5929,72.1]},"id":"ak025n8k8ce"},
{"type":"Feature","properties":{"mag":1.74,"place":"13 km N of Summit, Oregon","time":1736829959570,"updated":1736868419608,"tz":null,"url":"https://earthquake.usgs.gov/earthquakes/eventpage/uw62062267","detail":"https://earthquake.usgs.gov/earthquakes/feed/v1.0/detail/uw62062267.geojson","felt":1,"cdi":2,"mmi":null,"alert":null,"status":"reviewed","tsunami":0,"sig":47,"net":"uw","code":"62062267","ids":",uw62062267,","sources":",uw,","types":",dyfi,origin,phase-data,","nst":18,"dmin":0.04878,"rms":0.15,"gap":69,"magType":"ml","type":"earthquake","title":"M 1.7 - 13 km N of Summit, Oregon"},"geometry":{"type":"Point","coordinates":[-123.60983333333333,44.75666666666667,47.03]},"id":"uw62062267"},
{"type":"Feature","properties":{"mag":1.9,"place":"3 km S of Hawthorne, Nevada","time":1736829788746,"updated":1736829977433,"tz":null,"url":"https://earthquake.usgs.gov/earthquakes/eventpage/nn00891944","detail":"https://earthquake.usgs.gov/earthquakes/feed/v1.0/detail/nn00891944.geojson","felt":null,"cdi":null,"mmi":null,"alert":null,"status":"automatic","tsunami":0,"sig":56,"net":"nn","code":"00891944","ids":",nn00891944,","sources":",nn,","types":",origin,phase-data,","nst":12,"dmin":0.119,"rms":0.2141,"gap":147.95,"magType":"ml","type":"earthquake","title":"M 1.9 - 3 km S of Hawthorne, Nevada"},"geometry":{"type":"Point","coordinates":[-118.6208,38.4924,6.3]},"id":"nn00891944"},
{"type":"Feature","properties":{"mag":1.7,"place":"22 km W of Point MacKenzie, Alaska","time":1736829425509,"updated":1736829560136,"tz":null,"url":"https://earthquake.usgs.gov/earthquakes/eventpage/ak025n84j92","detail":"https://earthquake.usgs.gov/earthquakes/feed/v1.0/detail/ak025n84j92.geojson","felt":null,"cdi":null,"mmi":null,"alert":null,"status":"automatic","tsunami":0,"sig":44,"net":"ak","code":"025n84j92","ids":",ak025n84j92,","sources":",ak,","types":",origin,phase-data,","nst":null,"dmin":null,"rms":0.64,"gap":null,"magType":"ml","type":"earthquake","title":"M 1.7 - 22 km W of Point MacKenzie, Alaska"},"geometry":{"type":"Point","coordinates":[-150.3991,61.323,48]},"id":"ak025n84j92"},
{"type":"Feature","properties":{"mag":3.06,"place":"65 km WNW of Petrolia, CA","time":1736828439290,"updated":1736829734840,"tz":null,"url":"https://earthquake.usgs.gov/earthquakes/eventpage/nc75116916","detail":"https://earthquake.usgs.gov/earthquakes/feed/v1.0/detail/nc75116916.geojson","felt":null,"cdi":null,"mmi":null,"alert":null,"status":"automatic","tsunami":0,"sig":144,"net":"nc","code":"75116916","ids":",nc75116916,","sources":",nc,","types":",nearby-cities,origin,phase-data,scitech-link,","nst":26,"dmin":0.5444,"rms":0.33,"gap":267,"magType":"ml","type":"earthquake","title":"M 3.1 - 65 km WNW of Petrolia, CA"},"geometry":{"type":"Point","coordinates":[-125.050498962402,40.3466682434082,0.0500000007450581]},"id":"nc75116916"},
{"type":"Feature","properties":{"mag":5,"place":"177 km W of Hihifo, Tonga","time":1736827942056,"updated":1736828914040,"tz":null,"url":"https://earthquake.usgs.gov/earthquakes/eventpage/us6000pjvf","detail":"https://earthquake.usgs.gov/earthquakes/feed/v1.0/detail/us6000pjvf.geojson","felt":null,"cdi":null,"mmi":null,"alert":null,"status":"reviewed","tsunami":0,"sig":385,"net":"us","code":"6000pjvf","ids":",us6000pjvf,","sources":",us,","types":",origin,phase-data,","nst":63,"dmin":4.221,"rms":0.72,"gap":44,"magType":"mb","type":"earthquake","title":"M 5.0 - 177 km W of Hihifo, Tonga"},"geometry":{"type":"Point","coordinates":[-175.4218,-16.26,324.369]},"id":"us6000pjvf"},
{"type":"Feature","properties":{"mag":2.08,"place":"8 km WNW of Cobb, CA","time":1736827350720,"updated":1736827526020,"tz":null,"url":"https://earthquake.usgs.gov/earthquakes/eventpage/nc75116906","detail":"https://earthquake.usgs.gov/earthquakes/feed/v1.0/detail/nc75116906.geojson","felt":null,"cdi":null,"mmi":null,"alert":null,"status":"automatic","tsunami":0,"sig":67,"net":"nc","code":"75116906","ids":",nc75116906,","sources":",nc,","types":",focal-mechanism,nearby-cities,origin,phase-data,","nst":49,"dmin":0.0106,"rms":0.06,"gap":26,"magType":"md","type":"earthquake","title":"M 2.1 - 8 km WNW of Cobb, CA"},"geometry":{"type":"Point","coordinates":[-122.809501647949,38.8339996337891,2.14000010490417]},"id":"nc75116906"},
{"type":"Feature","properties":{"mag":1.05,"place":"7 km WNW of Cobb, CA","time":1736826567550,"updated":1736826665240,"tz":null,"url":"https://earthquake.usgs.gov/earthquakes/eventpage/nc75116896","detail":"https://earthquake.usgs.gov/earthquakes/feed/v1.0/detail/nc75116896.geojson","felt":null,"cdi":null,"mmi":null,"alert":null,"status":"automatic","tsunami":0,"sig":17,"net":"nc","code":"75116896","ids":",nc75116896,","sources":",nc,","types":",nearby-cities,origin,phase-data,","nst":9,"dmin":0.006351,"rms":0.01,"gap":70,"magType":"md","type":"earthquake","title":"M 1.1 - 7 km WNW of Cobb, CA"},"geometry":{"type":"Point","coordinates":[-122.798164367676,38.8366661071777,2.05999994277954]},"id":"nc75116896"},
{"type":"Feature","properties":{"mag":2,"place":"14 km NE of Nikiski, Alaska","time":1736826201714,"updated":1736826280068,"tz":null,"url":"https://earthquake.usgs.gov/earthquakes/eventpage/ak025n7kf6z","detail":"https://earthquake.usgs.gov/earthquakes/feed/v1.0/detail/ak025n7kf6z.geojson","felt":null,"cdi":null,"mmi":null,"alert":null,"status":"automatic","tsunami":0,"sig":62,"net":"ak","code":"025n7kf6z","ids":",ak025n7kf6z,","sources":",ak,","types":",origin,phase-data,","nst":null,"dmin":null,"rms":0.26,"gap":null,"magType":"ml","type":"earthquake","title":"M 2.0 - 14 km NE of Nikiski, Alaska"},"geometry":{"type":"Point","coordinates":[-151.0763,60.7668,41.8]},"id":"ak025n7kf6z"},
{"type":"Feature","properties":{"mag":1.9,"place":"88 km WSW of Karluk, Alaska","time":1736825957646,"updated":1736826103664,"tz":null,"url":"https://earthquake.usgs.gov/earthquakes/eventpage/ak025n7jk0k","detail":"https://earthquake.usgs.gov/earthquakes/feed/v1.0/detail/ak025n7jk0k.geojson","felt":null,"cdi":null,"mmi":null,"alert":null,"status":"automatic","tsunami":0,"sig":56,"net":"ak","code":"025n7jk0k","ids":",ak025n7jk0k,","sources":",ak,","types":",origin,phase-data,","nst":null,"dmin":null,"rms":0.29,"gap":null,"magType":"ml","type":"earthquake","title":"M 1.9 - 88 km WSW of Karluk, Alaska"},"geometry":{"type":"Point","coordinates":[-155.8828,57.3696,19.7]},"id":"ak025n7jk0k"},
{"type":"Feature","properties":{"mag":2.1,"place":"54 km SE of Denali National Park, Alaska","time":1736825306631,"updated":1736825441715,"tz":null,"url":"https://earthquake.usgs.gov/earthquakes/eventpage/ak025n7h7tz","detail":"https://earthquake.usgs.gov/earthquakes/feed/v1.0/detail/ak025n7h7tz.geojson","felt":null,"cdi":null,"mmi":null,"alert":null,"status":"automatic","tsunami":0,"sig":68,"net":"ak","code":"025n7h7tz","ids":",ak025n7h7tz,","sources":",ak,","types":",origin,phase-data,","nst":null,"dmin":null,"rms":0.77,"gap":null,"magType":"ml","type":"earthquake","title":"M 2.1 - 54 km SE of Denali National Park, Alaska"},"geometry":{"type":"Point","coordinates":[-150.9079,63.2132,0]},"id":"ak025n7h7tz"},
{"type":"Feature","properties":{"mag":2.2,"place":"10 km W of Forsan, Texas","time":1736824905123,"updated":1736870752103,"tz":null,"url":"https://earthquake.usgs.gov/earthquakes/eventpage/tx2025ayaf","detail":"https://earthquake.usgs.gov/earthquakes/feed/v1.0/detail/tx2025ayaf.geojson","felt":null,"cdi":null,"mmi":null,"alert":null,"status":"reviewed","tsunami":0,"sig":74,"net":"tx","code":"2025ayaf","ids":",tx2025ayaf,","sources":",tx,","types":",origin,phase-data,","nst":18,"dmin":0.1,"rms":0.1,"gap":59,"magType":"ml","type":"earthquake","title":"M 2.2 - 10 km W of Forsan, Texas"},"geometry":{"type":"Point","coordinates":[-101.476,32.097,8.1299]},"id":"tx2025ayaf"},
{"type":"Feature","properties":{"mag":1.7,"place":"10 km ESE of Hawthorne, Nevada","time":1736824760521,"updated":1736824906988,"tz":null,"url":"https://earthquake.usgs.gov/earthquakes/eventpage/nn00891942","detail":"https://earthquake.usgs.gov/earthquakes/feed/v1.0/detail/nn00891942.geojson","felt":null,"cdi":null,"mmi":null,"alert":null,"status":"automatic","tsunami":0,"sig":44,"net":"nn","code":"00891942","ids":",nn00891942,","sources":",nn,","types":",origin,phase-data,","nst":10,"dmin":0.148,"rms":0.1886,"gap":129.32999999999998,"magType":"ml","type":"earthquake","title":"M 1.7 - 10 km ESE of Hawthorne, Nevada"},"geometry":{"type":"Point","coordinates":[-118.5147,38.4806,0]},"id":"nn00891942"},
{"type":"Feature","properties":{"mag":1.2,"place":"11 km NE of Hawthorne, Nevada","time":1736823918573,"updated":1736824066248,"tz":null,"url":"https://earthquake.usgs.gov/earthquakes/eventpage/nn00891941","detail":"https://earthquake.usgs.gov/earthquakes/feed/v1.0/detail/nn00891941.geojson","felt":null,"cdi":null,"mmi":null,"alert":null,"status":"automatic","tsunami":0,"sig":22,"net":"nn","code":"00891941","ids":",nn00891941,","sources":",nn,","types":",origin,phase-data,","nst":8,"dmin":0.025,"rms":0.2857,"gap":237.79999999999998,"magType":"ml","type":"earthquake","title":"M 1.2 - 11 km NE of Hawthorne, Nevada"},"geometry":{"type":"Point","coordinates":[-118.5469,38.6127,4.3]},"id":"nn00891941"},
{"type":"Feature","properties":{"mag":1.17,"place":"1 km SW of Marietta-Alderwood, Washington","time":1736823667420,"updated":1736830725520,"tz":null,"url":"https://earthquake.usgs.gov/earthquakes/eventpage/uw62062257","detail":"https://earthquake.usgs.gov/earthquakes/feed/v1.0/detail/uw62062257.geojson","felt":null,"cdi":null,"mmi":null,"alert":null,"status":"reviewed","tsunami":0,"sig":21,"net":"uw","code":"62062257","ids":",uw62062257,","sources":",uw,","types":",origin,phase-data,","nst":23,"dmin":0.0955,"rms":0.19,"gap":107,"magType":"ml","type":"earthquake","title":"M 1.2 - 1 km SW of Marietta-Alderwood, Washington"},"geometry":{"type":"Point","coordinates":[-122.564,48.779833333333336,15.24]},"id":"uw62062257"},
{"type":"Feature","properties":{"mag":1.9,"place":"34 km NNW of Mentone, Texas","time":1736820025601,"updated":1736866435596,"tz":null,"url":"https://earthquake.usgs.gov/earthquakes/eventpage/tx2025axxn","detail":"https://earthquake.usgs.gov/earthquakes/feed/v1.0/detail/tx2025axxn.geojson","felt":null,"cdi":null,"mmi":null,"alert":null,"status":"reviewed","tsunami":0,"sig":56,"net":"tx","code":"2025axxn","ids":",tx2025axxn,","sources":",tx,","types":",origin,phase-data,","nst":8,"dmin":0,"rms":0.1,"gap":83,"magType":"ml","type":"earthquake","title":"M 1.9 - 34 km NNW of Mentone, Texas"},"geometry":{"type":"Point","coordinates":[-103.777,31.981,7.5867]},"id":"tx2025axxn"},
{"type":"Feature","properties":{"mag":2,"place":"25 km WNW of Petersville, Alaska","time":1736820001273,"updated":1736820176274,"tz":null,"url":"https://earthquake.usgs.gov/earthquakes/eventpage/ak025n6pq87","detail":"https://earthquake.usgs.gov/earthquakes/feed/v1.0/detail/ak025n6pq87.geojson","felt":null,"cdi":null,"mmi":null,"alert":null,"status":"automatic","tsunami":0,"sig":62,"net":"ak","code":"025n6pq87","ids":",ak025n6pq87,","sources":",ak,","types":",origin,phase-data,","nst":null,"dmin":null,"rms":0.55,"gap":null,"magType":"ml","type":"earthquake","title":"M 2.0 - 25 km WNW of Petersville, Alaska"},"geometry":{"type":"Point","coordinates":[-151.2541,62.5449,93.3]},"id":"ak025n6pq87"},
{"type":"Feature","properties":{"mag":1.42,"place":"15 km NE of Tanner, Washington","time":1736819235540,"updated":1736829151330,"tz":null,"url":"https://earthquake.usgs.gov/earthquakes/eventpage/uw62062252","detail":"https://earthquake.usgs.gov/earthquakes/feed/v1.0/detail/uw62062252.geojson","felt":null,"cdi":null,"mmi":null,"alert":null,"status":"reviewed","tsunami":0,"sig":31,"net":"uw","code":"62062252","ids":",uw62062252,","sources":",uw,","types":",origin,phase-data,","nst":37,"dmin":0.1298,"rms":0.18,"gap":62,"magType":"ml","type":"earthquake","title":"M 1.4 - 15 km NE of Tanner, Washington"},"geometry":{"type":"Point","coordinates":[-121.60366666666667,47.57666666666667,82.62]},"id":"uw62062252"},
{"type":"Feature","properties":{"mag":4.6,"place":"7 km ESE of Metahāra, Ethiopia","time":1736818298858,"updated":1736819170040,"tz":null,"url":"https://earthquake.usgs.gov/earthquakes/eventpage/us6000pjuu","detail":"https://earthquake.usgs.gov/earthquakes/feed/v1.0/detail/us6000pjuu.geojson","felt":null,"cdi":null,"mmi":null,"alert":null,"status":"reviewed","tsunami":0,"sig":326,"net":"us","code":"6000pjuu","ids":",us6000pjuu,","sources":",us,","types":",origin,phase-data,","nst":32,"dmin":3.861,"rms":0.69,"gap":176,"magType":"mb","type":"earthquake","title":"M 4.6 - 7 km ESE of Metahāra, Ethiopia"},"geometry":{"type":"Point","coordinates":[39.9811,8.8774,10]},"id":"us6000pjuu"},
{"type":"Feature","properties":{"mag":2.22,"place":"55 km W of Petrolia, CA","time":1736814785130,"updated":1736816836378,"tz":null,"url":"https://earthquake.usgs.gov/earthquakes/eventpage/nc75116831","detail":"https://earthquake.usgs.gov/earthquakes/feed/v1.0/detail/nc75116831.geojson","felt":null,"cdi":null,"mmi":null,"alert":null,"status":"automatic","tsunami":0,"sig":76,"net":"nc","code":"75116831","ids":",nc75116831,","sources":",nc,","types":",nearby-cities,origin,phase-data,scitech-link,","nst":10,"dmin":0.5229,"rms":0.22,"gap":292,"magType":"md","type":"earthquake","title":"M 2.2 - 55 km W of Petrolia, CA"},"geometry":{"type":"Point","coordinates":[-124.935333251953,40.3018341064453,1.83000004291534]},"id":"nc75116831"},
{"type":"Feature","properties":{"mag":1.7,"place":"55 km S of Beaver, Alaska","time":1736814692475,"updated":1736814832862,"tz":null,"url":"https://earthquake.usgs.gov/earthquakes/eventpage/ak025n5pkm7","detail":"https://earthquake.usgs.gov/earthquakes/feed/v1.0/detail/ak025n5pkm7.geojson","felt":null,"cdi":null,"mmi":null,"alert":null,"status":"automatic","tsunami":0,"sig":44,"net":"ak","code":"025n5pkm7","ids":",ak025n5pkm7,","sources":",ak,","types":",origin,phase-data,","nst":null,"dmin":null,"rms":1.3,"gap":null,"magType":"ml","type":"earthquake","title":"M 1.7 - 55 km S of Beaver, Alaska"},"geometry":{"type":"Point","coordinates":[-147.2511,65.863,4.9]},"id":"ak025n5pkm7"},
{"type":"Feature","properties":{"mag":4.5,"place":"42 km E of La Tirana, Chile","time":1736814210528,"updated":1736874597300,"tz":null,"url":"https://earthquake.usgs.gov/earthquakes/eventpage/us6000pjue","detail":"https://earthquake.usgs.gov/earthquakes/feed/v1.0/detail/us6000pjue.geojson","felt":6,"cdi":3.1,"mmi":null,"alert":null,"status":"reviewed","tsunami":0,"sig":313,"net":"us","code":"6000pjue","ids":",us6000pjue,","sources":",us,","types":",dyfi,origin,phase-data,","nst":22,"dmin":0.696,"rms":1.01,"gap":116,"magType":"mb","type":"earthquake","title":"M 4.5 - 42 km E of La Tirana, Chile"},"geometry":{"type":"Point","coordinates":[-69.2536,-20.366,84.264]},"id":"us6000pjue"},
{"type":"Feature","properties":{"mag":2.37,"place":"6 km WSW of Pine Valley, CA","time":1736814135210,"updated":1736814781930,"tz":null,"url":"https://earthquake.usgs.gov/earthquakes/eventpage/ci40839055","detail":"https://earthquake.usgs.gov/earthquakes/feed/v1.0/detail/ci40839055.geojson","felt":null,"cdi":null,"mmi":null,"alert":null,"status":"automatic","tsunami":0,"sig":86,"net":"ci","code":"40839055","ids":",ci40839055,","sources":",ci,","types":",focal-mechanism,nearby-cities,origin,phase-data,scitech-link,","nst":65,"dmin":0.05311,"rms":0.22,"gap":35,"magType":"ml","type":"earthquake","title":"M 2.4 - 6 km WSW of Pine Valley, CA"},"geometry":{"type":"Point","coordinates":[-116.5826667,32.7945,16.73]},"id":"ci40839055"},
{"type":"Feature","properties":{"mag":1.72,"place":"6 km NW of Boron, CA","time":1736814050820,"updated":1736814294125,"tz":null,"url":"https://earthquake.usgs.gov/earthquakes/eventpage/ci40839047","detail":"https://earthquake.usgs.gov/earthquakes/feed/v1.0/detail/ci40839047.geojson","felt":null,"cdi":null,"mmi":null,"alert":null,"status":"automatic","tsunami":0,"sig":46,"net":"ci","code":"40839047","ids":",ci40839047,","sources":",ci,","types":",nearby-cities,origin,phase-data,scitech-link,","nst":34,"dmin":0.1036,"rms":0.25,"gap":64,"magType":"ml","type":"earthquake","title":"M 1.7 - 6 km NW of Boron, CA"},"geometry":{"type":"Point","coordinates":[-117.6886667,35.038,-0.77]},"id":"ci40839047"},
{"type":"Feature","properties":{"mag":1.9,"place":"7 km WNW of Seldovia, Alaska","time":1736813980010,"updated":1736814128637,"tz":null,"url":"https://earthquake.usgs.gov/earthquakes/eventpage/ak025n5n0lt","detail":"https://earthquake.usgs.gov/earthquakes/feed/v1.0/detail/ak025n5n0lt.geojson","felt":null,"cdi":null,"mmi":null,"alert":null,"status":"automatic","tsunami":0,"sig":56,"net":"ak","code":"025n5n0lt","ids":",ak025n5n0lt,","sources":",ak,","types":",origin,phase-data,","nst":null,"dmin":null,"rms":0.59,"gap":null,"magType":"ml","type":"earthquake","title":"M 1.9 - 7 km WNW of Seldovia, Alaska"},"geometry":{"type":"Point","coordinates":[-151.8469,59.4578,50.2]},"id":"ak025n5n0lt"},
{"type":"Feature","properties":{"mag":2.37,"place":"7 km SW of Guánica, Puerto Rico","time":1736813144380,"updated":1736813918700,"tz":null,"url":"https://earthquake.usgs.gov/earthquakes/eventpage/pr71470798","detail":"https://earthquake.usgs.gov/earthquakes/feed/v1.0/detail/pr71470798.geojson","felt":null,"cdi":null,"mmi":null,"alert":null,"status":"reviewed","tsunami":0,"sig":86,"net":"pr","code":"71470798","ids":",pr71470798,","sources":",pr,","types":",origin,phase-data,","nst":7,"dmin":0.08725,"rms":0.08,"gap":228,"magType":"md","type":"earthquake","title":"M 2.4 - 7 km SW of Guánica, Puerto Rico"},"geometry":{"type":"Point","coordinates":[-66.9611666666667,17.9323333333333,15.62]},"id":"pr71470798"},
{"type":"Feature","properties":{"mag":4,"place":"40 km SSE of Atka, Alaska","time":1736811524264,"updated":1736825504170,"tz":null,"url":"https://earthquake.usgs.gov/earthquakes/eventpage/us6000pjub","detail":"https://earthquake.usgs.gov/earthquakes/feed/v1.0/detail/us6000pjub.geojson","felt":1,"cdi":2.7,"mmi":2.988,"alert":null,"status":"reviewed","tsunami":0,"sig":246,"net":"us","code":"6000pjub","ids":",us6000pjub,ak025lvwq2j,","sources":",us,ak,","types":",dyfi,origin,phase-data,shakemap,","nst":18,"dmin":0.367,"rms":0.47,"gap":196,"magType":"ml","type":"earthquake","title":"M 4.0 - 40 km SSE of Atka, Alaska"},"geometry":{"type":"Point","coordinates":[-173.8929,51.8868,73.196]},"id":"us6000pjub"},
{"type":"Feature","properties":{"mag":2.7,"place":"33 km E of Chase, Alaska","time":1736810943211,"updated":1736811062657,"tz":null,"url":"https://earthquake.usgs.gov/earthquakes/eventpage/ak025lvupch","detail":"https://earthquake.usgs.gov/earthquakes/feed/v1.0/detail/ak025lvupch.geojson","felt":null,"cdi":null,"mmi":null,"alert":null,"status":"automatic","tsunami":0,"sig":112,"net":"ak","code":"025lvupch","ids":",ak025lvupch,","sources":",ak,","types":",origin,phase-data,","nst":null,"dmin":null,"rms":0.52,"gap":null,"magType":"ml","type":"earthquake","title":"M 2.7 - 33 km E of Chase, Alaska"},"geometry":{"type":"Point","coordinates":[-149.4501,62.4827,46.8]},"id":"ak025lvupch"},
{"type":"Feature","properties":{"mag":4.4,"place":"137 km ESE of Kimbe, Papua New Guinea","time":1736808511552,"updated":1736809916040,"tz":null,"url":"https://earthquake.usgs.gov/earthquakes/eventpage/us6000pju2","detail":"https://earthquake.usgs.gov/earthquakes/feed/v1.0/detail/us6000pju2.geojson","felt":null,"cdi":null,"mmi":null,"alert":null,"status":"reviewed","tsunami":0,"sig":298,"net":"us","code":"6000pju2","ids":",us6000pju2,","sources":",us,","types":",origin,phase-data,","nst":12,"dmin":5.295,"rms":0.39,"gap":291,"magType":"mb","type":"earthquake","title":"M 4.4 - 137 km ESE of Kimbe, Papua New Guinea"},"geometry":{"type":"Point","coordinates":[151.2889,-6.0211,10]},"id":"us6000pju2"},
{"type":"Feature","properties":{"mag":1.81,"place":"5 km WSW of San Francisco Zoo, CA","time":1736807973920,"updated":1736830306060,"tz":null,"url":"https://earthquake.usgs.gov/earthquakes/eventpage/nc75116796","detail":"https://earthquake.usgs.gov/earthquakes/feed/v1.0/detail/nc75116796.geojson","felt":5,"cdi":2.2,"mmi":null,"alert":null,"status":"automatic","tsunami":0,"sig":52,"net":"nc","code":"75116796","ids":",nc75116796,","sources":",nc,","types":",dyfi,nearby-cities,origin,phase-data,","nst":14,"dmin":0.1042,"rms":0.03,"gap":105,"magType":"md","type":"earthquake","title":"M 1.8 - 5 km WSW of San Francisco Zoo, CA"},"geometry":{"type":"Point","coordinates":[-122.543167114258,37.7060012817383,8.88000011444092]},"id":"nc75116796"},
{"type":"Feature","properties":{"mag":1.7,"place":"46 km NW of Ninilchik, Alaska","time":1736807804718,"updated":1736807916661,"tz":null,"url":"https://earthquake.usgs.gov/earthquakes/eventpage/ak025lvauyf","detail":"https://earthquake.usgs.gov/earthquakes/feed/v1.0/detail/ak025lvauyf.geojson","felt":null,"cdi":null,"mmi":null,"alert":null,"status":"automatic","tsunami":0,"sig":44,"net":"ak","code":"025lvauyf","ids":",ak025lvauyf,","sources":",ak,","types":",origin,phase-data,","nst":null,"dmin":null,"rms":0.51,"gap":null,"magType":"ml","type":"earthquake","title":"M 1.7 - 46 km NW of Ninilchik, Alaska"},"geometry":{"type":"Point","coordinates":[-152.255,60.3499,85.1]},"id":"ak025lvauyf"},
{"type":"Feature","properties":{"mag":2.3,"place":"5 km WSW of San Francisco Zoo, CA","time":1736807199680,"updated":1736815210515,"tz":null,"url":"https://earthquake.usgs.gov/earthquakes/eventpage/nc75116786","detail":"https://earthquake.usgs.gov/earthquakes/feed/v1.0/detail/nc75116786.geojson","felt":5,"cdi":2.7,"mmi":null,"alert":null,"status":"automatic","tsunami":0,"sig":83,"net":"nc","code":"75116786","ids":",nc75116786,","sources":",nc,","types":",dyfi,nearby-cities,origin,phase-data,scitech-link,","nst":37,"dmin":0.1067,"rms":0.06,"gap":108,"magType":"md","type":"earthquake","title":"M 2.3 - 5 km WSW of San Francisco Zoo, CA"},"geometry":{"type":"Point","coordinates":[-122.551498413086,37.707332611084,8.43000030517578]},"id":"nc75116786"},
{"type":"Feature","properties":{"mag":4.4,"place":"36 km ESE of Ollagüe, Chile","time":1736807012084,"updated":1736807733040,"tz":null,"url":"https://earthquake.usgs.gov/earthquakes/eventpage/us6000pjtr","detail":"https://earthquake.usgs.gov/earthquakes/feed/v1.0/detail/us6000pjtr.geojson","felt":null,"cdi":null,"mmi":null,"alert":null,"status":"reviewed","tsunami":0,"sig":298,"net":"us","code":"6000pjtr","ids":",us6000pjtr,","sources":",us,","types":",origin,phase-data,","nst":17,"dmin":1.283,"rms":0.49,"gap":197,"magType":"mb","type":"earthquake","title":"M 4.4 - 36 km ESE of Ollagüe, Chile"},"geometry":{"type":"Point","coordinates":[-67.9405,-21.3709,187.958]},"id":"us6000pjtr"},
{"type":"Feature","properties":{"mag":2.2,"place":"58 km SE of Kokhanok, Alaska","time":1736806732708,"updated":1736806916489,"tz":null,"url":"https://earthquake.usgs.gov/earthquakes/eventpage/ak025lv70om","detail":"https://earthquake.usgs.gov/earthquakes/feed/v1.0/detail/ak025lv70om.geojson","felt":null,"cdi":null,"mmi":null,"alert":null,"status":"automatic","tsunami":0,"sig":74,"net":"ak","code":"025lv70om","ids":",ak025lv70om,","sources":",ak,","types":",origin,phase-data,","nst":null,"dmin":null,"rms":0.69,"gap":null,"magType":"ml","type":"earthquake","title":"M 2.2 - 58 km SE of Kokhanok, Alaska"},"geometry":{"type":"Point","coordinates":[-154.1179,59.0419,92.7]},"id":"ak025lv70om"},
{"type":"Feature","properties":{"mag":2.37,"place":"5 km WSW of San Francisco Zoo, CA","time":1736806691420,"updated":1736810331139,"tz":null,"url":"https://earthquake.usgs.gov/earthquakes/eventpage/nc75116781","detail":"https://earthquake.usgs.gov/earthquakes/feed/v1.0/detail/nc75116781.geojson","felt":37,"cdi":3.1,"mmi":null,"alert":null,"status":"automatic","tsunami":0,"sig":98,"net":"nc","code":"75116781","ids":",nc75116781,","sources":",nc,","types":",dyfi,focal-mechanism,nearby-cities,origin,phase-data,scitech-link,","nst":49,"dmin":0.106,"rms":0.12,"gap":106,"magType":"md","type":"earthquake","title":"M 2.4 - 5 km WSW of San Francisco Zoo, CA"},"geometry":{"type":"Point","coordinates":[-122.547668457031,37.7061653137207,7.92000007629395]},"id":"nc75116781"},
{"type":"Feature","properties":{"mag":2.32,"place":"5 km SSE of Indios, Puerto Rico","time":1736806650840,"updated":1736807372270,"tz":null,"url":"https://earthquake.usgs.gov/earthquakes/eventpage/pr71470793","detail":"https://earthquake.usgs.gov/earthquakes/feed/v1.0/detail/pr71470793.geojson","felt":null,"cdi":null,"mmi":null,"alert":null,"status":"reviewed","tsunami":0,"sig":83,"net":"pr","code":"71470793","ids":",pr71470793,","sources":",pr,","types":",origin,phase-data,","nst":9,"dmin":0.07182,"rms":0.07,"gap":214,"magType":"md","type":"earthquake","title":"M 2.3 - 5 km SSE of Indios, Puerto Rico"},"geometry":{"type":"Point","coordinates":[-66.7941666666667,17.9478333333333,10.4]},"id":"pr71470793"},
{"type":"Feature","properties":{"mag":1.4,"place":"16 km NW of Stanton, Texas","time":1736806568797,"updated":1736866546616,"tz":null,"url":"https://earthquake.usgs.gov/earthquakes/eventpage/tx2025axqc","detail":"https://earthquake.usgs.gov/earthquakes/feed/v1.0/detail/tx2025axqc.geojson","felt":null,"cdi":null,"mmi":null,"alert":null,"status":"reviewed","tsunami":0,"sig":30,"net":"tx","code":"2025axqc","ids":",tx2025axqc,","sources":",tx,","types":",origin,phase-data,","nst":37,"dmin":0,"rms":0.1,"gap":45,"magType":"ml","type":"earthquake","title":"M 1.4 - 16 km NW of Stanton, Texas"},"geometry":{"type":"Point","coordinates":[-101.911,32.231,6.2744]},"id":"tx2025axqc"},
{"type":"Feature","properties":{"mag":1.29,"place":"6 km N of Running Springs, CA","time":1736806246140,"updated":1736806464457,"tz":null,"url":"https://earthquake.usgs.gov/earthquakes/eventpage/ci40839007","detail":"https://earthquake.usgs.gov/earthquakes/feed/v1.0/detail/ci40839007.geojson","felt":null,"cdi":null,"mmi":null,"alert":null,"status":"automatic","tsunami":0,"sig":26,"net":"ci","code":"40839007","ids":",ci40839007,","sources":",ci,","types":",nearby-cities,origin,phase-data,scitech-link,","nst":13,"dmin":0.07223,"rms":0.09,"gap":197,"magType":"ml","type":"earthquake","title":"M 1.3 - 6 km N of Running Springs, CA"},"geometry":{"type":"Point","coordinates":[-117.0996667,34.2656667,3.76]},"id":"ci40839007"},
{"type":"Feature","properties":{"mag":1.08,"place":"10 km WNW of Cobb, CA","time":1736805889450,"updated":1736805984030,"tz":null,"url":"https://earthquake.usgs.gov/earthquakes/eventpage/nc75116771","detail":"https://earthquake.usgs.gov/earthquakes/feed/v1.0/detail/nc75116771.geojson","felt":null,"cdi":null,"mmi":null,"alert":null,"status":"automatic","tsunami":0,"sig":18,"net":"nc","code":"75116771","ids":",nc75116771,","sources":",nc,","types":",nearby-cities,origin,phase-data,","nst":22,"dmin":0.005636,"rms":0.02,"gap":87,"magType":"md","type":"earthquake","title":"M 1.1 - 10 km WNW of Cobb, CA"},"geometry":{"type":"Point","coordinates":[-122.830497741699,38.8426666259766,1.45000004768372]},"id":"nc75116771"},
{"type":"Feature","properties":{"mag":2.29,"place":"10 km ESE of Gilroy, CA","time":1736805213740,"updated":1736806936263,"tz":null,"url":"https://earthquake.usgs.gov/earthquakes/eventpage/nc75116766","detail":"https://earthquake.usgs.gov/earthquakes/feed/v1.0/detail/nc75116766.geojson","felt":null,"cdi":null,"mmi":null,"alert":null,"status":"automatic","tsunami":0,"sig":81,"net":"nc","code":"75116766","ids":",nc75116766,","sources":",nc,","types":",focal-mechanism,nearby-cities,origin,phase-data,scitech-link,","nst":50,"dmin":0.1,"rms":0.16,"gap":59,"magType":"md","type":"earthquake","title":"M 2.3 - 10 km ESE of Gilroy, CA"},"geometry":{"type":"Point","coordinates":[-121.463165283203,36.9860000610352,2.58999991416931]},"id":"nc75116766"},
{"type":"Feature","properties":{"mag":4.4,"place":"26 km E of Shikotan, Russia","time":1736805193266,"updated":1736806390040,"tz":null,"url":"https://earthquake.usgs.gov/earthquakes/eventpage/us6000pjtj","detail":"https://earthquake.usgs.gov/earthquakes/feed/v1.0/detail/us6000pjtj.geojson","felt":null,"cdi":null,"mmi":null,"alert":null,"status":"reviewed","tsunami":0,"sig":298,"net":"us","code":"6000pjtj","ids":",us6000pjtj,","sources":",us,","types":",origin,phase-data,","nst":24,"dmin":3.232,"rms":0.49,"gap":199,"magType":"mb","type":"earthquake","title":"M 4.4 - 26 km E of Shikotan, Russia"},"geometry":{"type":"Point","coordinates":[147.0525,43.8294,91.481]},"id":"us6000pjtj"},
{"type":"Feature","properties":{"mag":1.43,"place":"7 km ESE of Chula Vista, CA","time":1736804125390,"updated":1736804365268,"tz":null,"url":"https://earthquake.usgs.gov/earthquakes/eventpage/ci40838991","detail":"https://earthquake.usgs.gov/earthquakes/feed/v1.0/detail/ci40838991.geojson","felt":null,"cdi":null,"mmi":null,"alert":null,"status":"automatic","tsunami":0,"sig":31,"net":"ci","code":"40838991","ids":",ci40838991,","sources":",ci,","types":",nearby-cities,origin,phase-data,scitech-link,","nst":35,"dmin":0.0405,"rms":0.22,"gap":105,"magType":"ml","type":"earthquake","title":"M 1.4 - 7 km ESE of Chula Vista, CA"},"geometry":{"type":"Point","coordinates":[-116.9781667,32.6068333,3]},"id":"ci40838991"},
{"type":"Feature","properties":{"mag":1.48,"place":"4 km SW of Los Altos Hills, CA","time":1736803977070,"updated":1736804073621,"tz":null,"url":"https://earthquake.usgs.gov/earthquakes/eventpage/nc75116756","detail":"https://earthquake.usgs.gov/earthquakes/feed/v1.0/detail/nc75116756.geojson","felt":null,"cdi":null,"mmi":null,"alert":null,"status":"automatic","tsunami":0,"sig":34,"net":"nc","code":"75116756","ids":",nc75116756,","sources":",nc,","types":",nearby-cities,origin,phase-data,","nst":7,"dmin":0.03041,"rms":0.08,"gap":168,"magType":"md","type":"earthquake","title":"M 1.5 - 4 km SW of Los Altos Hills, CA"},"geometry":{"type":"Point","coordinates":[-122.154167175293,37.349666595459,5.01999998092651]},"id":"nc75116756"},
{"type":"Feature","properties":{"mag":1.31,"place":"6 km SE of Mill Creek, Oklahoma","time":1736803239289,"updated":1736864744814,"tz":null,"url":"https://earthquake.usgs.gov/earthquakes/eventpage/ok2025axoh","detail":"https://earthquake.usgs.gov/earthquakes/feed/v1.0/detail/ok2025axoh.geojson","felt":null,"cdi":null,"mmi":null,"alert":null,"status":"reviewed","tsunami":0,"sig":26,"net":"ok","code":"2025axoh","ids":",ok2025axoh,","sources":",ok,","types":",origin,phase-data,","nst":24,"dmin":0.2105586812,"rms":0.63,"gap":112,"magType":"ml","type":"quarry blast","title":"M 1.3 Quarry Blast - 6 km SE of Mill Creek, Oklahoma"},"geometry":{"type":"Point","coordinates":[-96.77933333,34.35983333,0]},"id":"ok2025axoh"},
{"type":"Feature","properties":{"mag":1.8,"place":"45 km NW of Toyah, Texas","time":1736801667122,"updated":1736863619179,"tz":null,"url":"https://earthquake.usgs.gov/earthquakes/eventpage/tx2025axnk","detail":"https://earthquake.usgs.gov/earthquakes/feed/v1.0/detail/tx2025axnk.geojson","felt":null,"cdi":null,"mmi":null,"alert":null,"status":"reviewed","tsunami":0,"sig":50,"net":"tx","code":"2025axnk","ids":",tx2025axnk,","sources":",tx,","types":",origin,phase-data,","nst":17,"dmin":0,"rms":0.1,"gap":71,"magType":"ml","type":"earthquake","title":"M 1.8 - 45 km NW of Toyah, Texas"},"geometry":{"type":"Point","coordinates":[-104.18,31.559,6.7664]},"id":"tx2025axnk"},
{"type":"Feature","properties":{"mag":4.5,"place":"Devon Island, Nunavut, Canada","time":1736801419518,"updated":1736802344040,"tz":null,"url":"https://earthquake.usgs.gov/earthquakes/eventpage/us6000pjt7","detail":"https://earthquake.usgs.gov/earthquakes/feed/v1.0/detail/us6000pjt7.geojson","felt":null,"cdi":null,"mmi":null,"alert":null,"status":"reviewed","tsunami":0,"sig":312,"net":"us","code":"6000pjt7","ids":",us6000pjt7,","sources":",us,","types":",origin,phase-data,","nst":45,"dmin":0.641,"rms":0.8,"gap":37,"magType":"mb","type":"earthquake","title":"M 4.5 - Devon Island, Nunavut, Canada"},"geometry":{"type":"Point","coordinates":[-92.657,74.4639,10]},"id":"us6000pjt7"},
{"type":"Feature","properties":{"mag":1.4,"place":"20 km NNE of Yerington, Nevada","time":1736801246946,"updated":1736801365320,"tz":null,"url":"https://earthquake.usgs.gov/earthquakes/eventpage/nn00891912","detail":"https://earthquake.usgs.gov/earthquakes/feed/v1.0/detail/nn00891912.geojson","felt":null,"cdi":null,"mmi":null,"alert":null,"status":"automatic","tsunami":0,"sig":30,"net":"nn","code":"00891912","ids":",nn00891912,","sources":",nn,","types":",origin,phase-data,","nst":11,"dmin":0.026,"rms":0.138,"gap":92.41000000000003,"magType":"ml","type":"earthquake","title":"M 1.4 - 20 km NNE of Yerington, Nevada"},"geometry":{"type":"Point","coordinates":[-119.0683,39.1564,10.1]},"id":"nn00891912"},
{"type":"Feature","properties":{"mag":2.88,"place":"12 km SSE of Fern Forest, Hawaii","time":1736801067150,"updated":1736877600306,"tz":null,"url":"https://earthquake.usgs.gov/earthquakes/eventpage/hv74591262","detail":"https://earthquake.usgs.gov/earthquakes/feed/v1.0/detail/hv74591262.geojson","felt":20,"cdi":3.1,"mmi":2.85,"alert":null,"status":"reviewed","tsunami":0,"sig":134,"net":"hv","code":"74591262","ids":",us6000pjt0,hv74591262,","sources":",us,hv,","types":",dyfi,origin,phase-data,shakemap,","nst":37,"dmin":0.0389,"rms":0.12,"gap":134,"magType":"ml","type":"earthquake","title":"M 2.9 - 12 km SSE of Fern Forest, Hawaii"},"geometry":{"type":"Point","coordinates":[-155.078833333333,19.3635,7.8]},"id":"hv74591262"},
{"type":"Feature","properties":{"mag":4.4,"place":"243 km E of Kuril’sk, Russia","time":1736800709729,"updated":1736801833040,"tz":null,"url":"https://earthquake.usgs.gov/earthquakes/eventpage/us6000pjt3","detail":"https://earthquake.usgs.gov/earthquakes/feed/v1.0/detail/us6000pjt3.geojson","felt":null,"cdi":null,"mmi":null,"alert":null,"status":"reviewed","tsunami":0,"sig":298,"net":"us","code":"6000pjt3","ids":",us6000pjt3,","sources":",us,","types":",origin,phase-data,","nst":30,"dmin":6.037,"rms":0.8,"gap":188,"magType":"mb","type":"earthquake","title":"M 4.4 - 243 km E of Kuril’sk, Russia"},"geometry":{"type":"Point","coordinates":[150.9577,45.0059,10]},"id":"us6000pjt3"},
{"type":"Feature","properties":{"mag":4.8,"place":"17 km N of Āwash, Ethiopia","time":1736799875321,"updated":1736834935861,"tz":null,"url":"https://earthquake.usgs.gov/earthquakes/eventpage/us6000pjsw","detail":"https://earthquake.usgs.gov/earthquakes/feed/v1.0/detail/us6000pjsw.geojson","felt":13,"cdi":4.1,"mmi":null,"alert":null,"status":"reviewed","tsunami":0,"sig":360,"net":"us","code":"6000pjsw","ids":",us6000pjsw,","sources":",us,","types":",dyfi,origin,phase-data,","nst":74,"dmin":3.533,"rms":0.63,"gap":59,"magType":"mb","type":"earthquake","title":"M 4.8 - 17 km N of Āwash, Ethiopia"},"geometry":{"type":"Point","coordinates":[40.1902,9.1378,10]},"id":"us6000pjsw"},
{"type":"Feature","properties":{"mag":1.4,"place":"61 km W of Beatty, Nevada","time":1736799656042,"updated":1736807884538,"tz":null,"url":"https://earthquake.usgs.gov/earthquakes/eventpage/nn00891911","detail":"https://earthquake.usgs.gov/earthquakes/feed/v1.0/detail/nn00891911.geojson","felt":null,"cdi":null,"mmi":null,"alert":null,"status":"reviewed","tsunami":0,"sig":30,"net":"nn","code":"00891911","ids":",nn00891911,","sources":",nn,","types":",origin,phase-data,","nst":17,"dmin":0.072,"rms":0.1382,"gap":173.22000000000003,"magType":"ml","type":"earthquake","title":"M 1.4 - 61 km W of Beatty, Nevada"},"geometry":{"type":"Point","coordinates":[-117.4448,36.9611,8.7]},"id":"nn00891911"},
{"type":"Feature","properties":{"mag":2.1,"place":"11 km SE of Pearsall, Texas","time":1736799435853,"updated":1736865582516,"tz":null,"url":"https://earthquake.usgs.gov/earthquakes/eventpage/tx2025axme","detail":"https://earthquake.usgs.gov/earthquakes/feed/v1.0/detail/tx2025axme.geojson","felt":null,"cdi":null,"mmi":null,"alert":null,"status":"reviewed","tsunami":0,"sig":68,"net":"tx","code":"2025axme","ids":",tx2025axme,","sources":",tx,","types":",origin,phase-data,","nst":11,"dmin":0.1,"rms":0.1,"gap":88,"magType":"ml","type":"earthquake","title":"M 2.1 - 11 km SE of Pearsall, Texas"},"geometry":{"type":"Point","coordinates":[-99.011,28.822,8.2764]},"id":"tx2025axme"},
{"type":"Feature","properties":{"mag":2,"place":"11 km SW of Point Possession, Alaska","time":1736799036631,"updated":1736799217163,"tz":null,"url":"https://earthquake.usgs.gov/earthquakes/eventpage/ak025ltyei7","detail":"https://earthquake.usgs.gov/earthquakes/feed/v1.0/detail/ak025ltyei7.geojson","felt":null,"cdi":null,"mmi":null,"alert":null,"status":"automatic","tsunami":0,"sig":62,"net":"ak","code":"025ltyei7","ids":",ak025ltyei7,","sources":",ak,","types":",origin,phase-data,","nst":null,"dmin":null,"rms":0.54,"gap":null,"magType":"ml","type":"earthquake","title":"M 2.0 - 11 km SW of Point Possession, Alaska"},"geometry":{"type":"Point","coordinates":[-150.8522,60.8523,41.4]},"id":"ak025ltyei7"},
{"type":"Feature","properties":{"mag":1.65,"place":"5 km E of Butte, Montana","time":1736798484900,"updated":1736800783030,"tz":null,"url":"https://earthquake.usgs.gov/earthquakes/eventpage/mb90070883","detail":"https://earthquake.usgs.gov/earthquakes/feed/v1.0/detail/mb90070883.geojson","felt":null,"cdi":null,"mmi":null,"alert":null,"status":"reviewed","tsunami":0,"sig":42,"net":"mb","code":"90070883","ids":",mb90070883,","sources":",mb,","types":",origin,phase-data,","nst":6,"dmin":0.06485,"rms":0.06,"gap":130,"magType":"ml","type":"quarry blast","title":"M 1.7 Quarry Blast - 5 km E of Butte, Montana"},"geometry":{"type":"Point","coordinates":[-112.464,46.005,-2]},"id":"mb90070883"},
{"type":"Feature","properties":{"mag":1.79,"place":"5 km SW of Winchester, CA","time":1736798429290,"updated":1736798933272,"tz":null,"url":"https://earthquake.usgs.gov/earthquakes/eventpage/ci40838935","detail":"https://earthquake.usgs.gov/earthquakes/feed/v1.0/detail/ci40838935.geojson","felt":null,"cdi":null,"mmi":null,"alert":null,"status":"automatic","tsunami":0,"sig":49,"net":"ci","code":"40838935","ids":",ci40838935,","sources":",ci,","types":",nearby-cities,origin,phase-data,scitech-link,","nst":25,"dmin":0.06275,"rms":0.25,"gap":69,"magType":"ml","type":"earthquake","title":"M 1.8 - 5 km SW of Winchester, CA"},"geometry":{"type":"Point","coordinates":[-117.1241667,33.6793333,0.77]},"id":"ci40838935"},
{"type":"Feature","properties":{"mag":1.1,"place":"20 km NNE of Yerington, Nevada","time":1736797122910,"updated":1736797244124,"tz":null,"url":"https://earthquake.usgs.gov/earthquakes/eventpage/nn00891908","detail":"https://earthquake.usgs.gov/earthquakes/feed/v1.0/detail/nn00891908.geojson","felt":null,"cdi":null,"mmi":null,"alert":null,"status":"automatic","tsunami":0,"sig":19,"net":"nn","code":"00891908","ids":",nn00891908,","sources":",nn,","types":",origin,phase-data,","nst":8,"dmin":0.031,"rms":0.0833,"gap":145.03000000000003,"magType":"ml","type":"earthquake","title":"M 1.1 - 20 km NNE of Yerington, Nevada"},"geometry":{"type":"Point","coordinates":[-119.0764,39.1591,9.9]},"id":"nn00891908"},
{"type":"Feature","properties":{"mag":3.3,"place":"199 km S of False Pass, Alaska","time":1736796811745,"updated":1736797452040,"tz":null,"url":"https://earthquake.usgs.gov/earthquakes/eventpage/us6000pjsl","detail":"https://earthquake.usgs.gov/earthquakes/feed/v1.0/detail/us6000pjsl.geojson","felt":null,"cdi":null,"mmi":null,"alert":null,"status":"reviewed","tsunami":0,"sig":168,"net":"us","code":"6000pjsl","ids":",us6000pjsl,","sources":",us,","types":",origin,phase-data,","nst":16,"dmin":1.727,"rms":0.33,"gap":229,"magType":"ml","type":"earthquake","title":"M 3.3 - 199 km S of False Pass, Alaska"},"geometry":{"type":"Point","coordinates":[-163.082,53.0684,10]},"id":"us6000pjsl"},
{"type":"Feature","properties":{"mag":4.7,"place":"78 km SSW of Fīrūzābād, Iran","time":1736796299650,"updated":1736840865313,"tz":null,"url":"https://earthquake.usgs.gov/earthquakes/eventpage/us6000pjsj","detail":"https://earthquake.usgs.gov/earthquakes/feed/v1.0/detail/us6000pjsj.geojson","felt":1,"cdi":4.6,"mmi":null,"alert":null,"status":"reviewed","tsunami":0,"sig":340,"net":"us","code":"6000pjsj","ids":",us6000pjsj,","sources":",us,","types":",dyfi,origin,phase-data,","nst":62,"dmin":4.743,"rms":0.52,"gap":102,"magType":"mb","type":"earthquake","title":"M 4.7 - 78 km SSW of Fīrūzābād, Iran"},"geometry":{"type":"Point","coordinates":[52.3133,28.1763,10]},"id":"us6000pjsj"},
{"type":"Feature","properties":{"mag":3.9,"place":"186 km E of Atka, Alaska","time":1736796110813,"updated":1736807303350,"tz":null,"url":"https://earthquake.usgs.gov/earthquakes/eventpage/ak025ltfcou","detail":"https://earthquake.usgs.gov/earthquakes/feed/v1.0/detail/ak025ltfcou.geojson","felt":null,"cdi":null,"mmi":2.279,"alert":null,"status":"reviewed","tsunami":0,"sig":234,"net":"ak","code":"025ltfcou","ids":",ak025ltfcou,","sources":",ak,","types":",origin,phase-data,shakemap,","nst":null,"dmin":null,"rms":0.54,"gap":null,"magType":"ml","type":"earthquake","title":"M 3.9 - 186 km E of Atka, Alaska"},"geometry":{"type":"Point","coordinates":[-171.4687,52.2388,38.3]},"id":"ak025ltfcou"},
{"type":"Feature","properties":{"mag":1.78,"place":"17 km ENE of Drummond, Montana","time":1736795999590,"updated":1736800058670,"tz":null,"url":"https://earthquake.usgs.gov/earthquakes/eventpage/mb90070878","detail":"https://earthquake.usgs.gov/earthquakes/feed/v1.0/detail/mb90070878.geojson","felt":null,"cdi":null,"mmi":null,"alert":null,"status":"reviewed","tsunami":0,"sig":49,"net":"mb","code":"90070878","ids":",mb90070878,","sources":",mb,","types":",origin,phase-data,","nst":15,"dmin":0.2607,"rms":0.17,"gap":60,"magType":"ml","type":"earthquake","title":"M 1.8 - 17 km ENE of Drummond, Montana"},"geometry":{"type":"Point","coordinates":[-112.954,46.7528333333333,13.13]},"id":"mb90070878"},
{"type":"Feature","properties":{"mag":1.6,"place":"15 km NE of Plush, Oregon","time":1736793554800,"updated":1736813533380,"tz":null,"url":"https://earthquake.usgs.gov/earthquakes/eventpage/uw62062227","detail":"https://earthquake.usgs.gov/earthquakes/feed/v1.0/detail/uw62062227.geojson","felt":null,"cdi":null,"mmi":null,"alert":null,"status":"reviewed","tsunami":0,"sig":39,"net":"uw","code":"62062227","ids":",uw62062227,","sources":",uw,","types":",origin,phase-data,","nst":14,"dmin":0.3407,"rms":0.23,"gap":100,"magType":"ml","type":"earthquake","title":"M 1.6 - 15 km NE of Plush, Oregon"},"geometry":{"type":"Point","coordinates":[-119.779,42.51383333333333,4.66]},"id":"uw62062227"},
{"type":"Feature","properties":{"mag":1.6,"place":"15 km SSE of Stanton, Texas","time":1736793129696,"updated":1736795011011,"tz":null,"url":"https://earthquake.usgs.gov/earthquakes/eventpage/tx2025axit","detail":"https://earthquake.usgs.gov/earthquakes/feed/v1.0/detail/tx2025axit.geojson","felt":null,"cdi":null,"mmi":null,"alert":null,"status":"reviewed","tsunami":0,"sig":39,"net":"tx","code":"2025axit","ids":",tx2025axit,","sources":",tx,","types":",origin,phase-data,","nst":33,"dmin":0.1,"rms":0.1,"gap":79,"magType":"ml","type":"earthquake","title":"M 1.6 - 15 km SSE of Stanton, Texas"},"geometry":{"type":"Point","coordinates":[-101.71,32.008,7.0557]},"id":"tx2025axit"},
{"type":"Feature","properties":{"mag":1.67,"place":"15 km S of Princeton, Canada","time":1736792805290,"updated":1736832044280,"tz":null,"url":"https://earthquake.usgs.gov/earthquakes/eventpage/uw62062222","detail":"https://earthquake.usgs.gov/earthquakes/feed/v1.0/detail/uw62062222.geojson","felt":null,"cdi":null,"mmi":null,"alert":null,"status":"reviewed","tsunami":0,"sig":43,"net":"uw","code":"62062222","ids":",uw62062222,","sources":",uw,","types":",origin,phase-data,","nst":8,"dmin":0.5865,"rms":0.29,"gap":199,"magType":"ml","type":"explosion","title":"M 1.7 Explosion - 15 km S of Princeton, Canada"},"geometry":{"type":"Point","coordinates":[-120.52966666666667,49.319,-0.24]},"id":"uw62062222"},
{"type":"Feature","properties":{"mag":1.26,"place":"2 km NW of The Geysers, CA","time":1736792579250,"updated":1736792678632,"tz":null,"url":"https://earthquake.usgs.gov/earthquakes/eventpage/nc75116696","detail":"https://earthquake.usgs.gov/earthquakes/feed/v1.0/detail/nc75116696.geojson","felt":null,"cdi":null,"mmi":null,"alert":null,"status":"automatic","tsunami":0,"sig":24,"net":"nc","code":"75116696","ids":",nc75116696,","sources":",nc,","types":",nearby-cities,origin,phase-data,","nst":8,"dmin":0.008154,"rms":0.02,"gap":105,"magType":"md","type":"earthquake","title":"M 1.3 - 2 km NW of The Geysers, CA"},"geometry":{"type":"Point","coordinates":[-122.77766418457,38.7916679382324,1.53999996185303]},"id":"nc75116696"}],"bbox":[-175.4218,-32.4118,-3.2,151.2889,74.4639,324.369]}